Ticker,Date,ArticleCount,MeanConfidence,MeanRelevance,DailySentiment
AAPL,2022-01-03,6,0.8398134708404541,0.831363,-0.1495367647265194
AAPL,2022-01-04,5,0.8663516044616699,0.8105852,-0.15260086169843712
AAPL,2022-01-05,3,0.8372702598571777,0.7581256666666666,-0.42305871014348106
AAPL,2022-01-06,3,0.8839441736539205,0.6618853333333333,0.33615993908310404
AAPL,2022-01-07,2,0.7125689387321472,0.6793990000000001,0.0
AAPL,2022-01-09,2,0.9254313111305237,0.805747,0.0
AAPL,2022-01-10,2,0.8472013175487518,0.7485615,-0.5757676556969601
AAPL,2022-01-11,3,0.7645612061023712,0.701226,0.34233280948890465
AAPL,2022-01-12,1,0.9647868871688843,0.614943,-1.0
AAPL,2022-01-13,3,0.6752936740716299,0.6487550000000001,0.04015537452505184
AAPL,2022-01-14,2,0.7278904020786285,0.6141464999999999,0.0
AAPL,2022-01-16,1,0.9441727995872498,1.0,0.0
AAPL,2022-01-17,1,0.5066321492195129,0.968386,0.0
AAPL,2022-01-18,4,0.8128962367773056,0.87428325,-0.2859485184006442
AAPL,2022-01-19,3,0.7409217953681946,0.667857,-0.31309646625949367
AAPL,2022-01-20,1,0.8416943550109863,0.737869,1.0
AAPL,2022-01-21,5,0.8251256704330444,0.6190317999999999,0.009276098578457499
AAPL,2022-01-23,2,0.9182700514793396,0.7447835,0.0
AAPL,2022-01-24,3,0.7258891065915426,0.6924173333333333,0.3520155474636683
AAPL,2022-01-26,2,0.7066614627838135,0.5939185,0.4696890229888444
AAPL,2022-01-27,4,0.8397985398769379,0.82678475,0.0
AAPL,2022-01-28,3,0.754556934038798,0.8442383333333333,0.3948332125801758
AAPL,2022-01-30,1,0.9032073020935059,1.0,0.0
AAPL,2022-01-31,3,0.8675010402997335,0.6622813333333334,0.0074897676918771845
AAPL,2022-02-01,4,0.7847714126110077,0.73347425,0.3408435947137885
AAPL,2022-02-02,4,0.7932549491524696,0.68402725,0.0
AAPL,2022-02-03,6,0.8974310557047526,0.7732745,-0.13784238326752013
AAPL,2022-02-04,4,0.9103461056947708,0.8901352499999999,0.43828760854038756
AAPL,2022-02-06,1,0.8578379154205322,0.70412,-1.0
AAPL,2022-02-07,4,0.7841697484254837,0.689821,0.23136255637332004
AAPL,2022-02-08,4,0.9094569534063339,0.65879025,0.009515168143426504
AAPL,2022-02-09,4,0.7099911570549011,0.79771075,-0.28764185514611657
AAPL,2022-02-10,8,0.8616071790456772,0.654057625,0.11793131377376727
AAPL,2022-02-11,5,0.7814051508903503,0.7656046,0.4093389721012648
AAPL,2022-02-12,1,0.9265658259391785,0.630634,0.0
AAPL,2022-02-14,1,0.8356139659881592,0.742307,0.0
AAPL,2022-02-15,3,0.8257675170898438,0.6986503333333333,0.0
AAPL,2022-02-16,6,0.8487093249956766,0.7333548333333333,0.0
AAPL,2022-02-17,5,0.8294916391372681,0.758968,-0.24899916729032054
AAPL,2022-02-18,5,0.7765645265579224,0.6292244,-0.1830351779110918
AAPL,2022-02-20,1,0.909191370010376,0.971565,0.0
AAPL,2022-02-21,2,0.8550869524478912,0.7210975,0.0
AAPL,2022-02-22,1,0.8544176816940308,0.579535,1.0
AAPL,2022-02-24,2,0.899440735578537,0.8582525000000001,-0.43217060247421357
AAPL,2022-02-26,2,0.7337602376937866,0.7133335,1.0
AAPL,2022-03-01,2,0.9405163526535034,0.818068,-1.0
AAPL,2022-03-02,5,0.7886470794677735,0.7898837999999999,-0.22827762767131066
AAPL,2022-03-03,4,0.7171916291117668,0.6968114999999999,-0.46976836633723756
AAPL,2022-03-04,5,0.8348574876785279,0.7103894000000001,-0.3810476338751676
AAPL,2022-03-07,1,0.9686731696128845,0.621648,-1.0
AAPL,2022-03-08,7,0.7688727634293693,0.7672764285714286,0.0016211330057057142
AAPL,2022-03-09,2,0.8392579853534698,0.7559735000000001,0.0
AAPL,2022-03-10,6,0.7364518841107687,0.6479363333333333,0.1661040256527262
AAPL,2022-03-11,3,0.9248812794685364,0.6921836666666668,-0.3453360885429734
AAPL,2022-03-14,2,0.9506413042545319,0.806257,-0.38222985970974516
AAPL,2022-03-15,4,0.9020288586616516,0.8097507500000001,0.30873697863200494
AAPL,2022-03-16,4,0.8462605774402618,0.8187175,-0.19142317099610062
AAPL,2022-03-17,2,0.8920203149318695,0.5913280000000001,0.0
AAPL,2022-03-18,2,0.8029022216796875,0.9525520000000001,0.0
AAPL,2022-03-21,2,0.9065036475658417,0.7951165,-0.6288386670381007
AAPL,2022-03-22,2,0.8638595938682556,0.8215125,0.0
AAPL,2022-03-24,5,0.7980220317840576,0.7038871999999999,0.12267931566307784
AAPL,2022-03-25,3,0.8014882405598959,0.7141706666666666,0.2611369271210616
AAPL,2022-03-26,1,0.7081056833267212,1.0,-1.0
AAPL,2022-03-28,2,0.9473682641983032,0.8662575,-1.0
AAPL,2022-03-30,2,0.8312021791934967,0.8188869999999999,0.5626801988552755
AAPL,2022-03-31,4,0.7588766813278198,0.8185605,-0.2204827865502916
AAPL,2022-04-04,1,0.8793315291404724,0.789589,0.0
AAPL,2022-04-05,1,0.9309324622154236,0.724657,0.0
AAPL,2022-04-06,1,0.6676682829856873,0.736423,-1.0
AAPL,2022-04-07,5,0.853784704208374,0.6485152,-0.19268970102782482
AAPL,2022-04-08,3,0.7871989806493124,0.7913549999999999,0.42121845863529433
AAPL,2022-04-09,2,0.7875356376171112,0.677419,0.0
AAPL,2022-04-11,5,0.8300444960594178,0.7345912,0.15799998693150694
AAPL,2022-04-12,3,0.8999749223391215,0.7478530000000001,0.0
AAPL,2022-04-13,3,0.8091484904289246,0.7148289999999999,0.3175579987195073
AAPL,2022-04-14,2,0.8578599393367767,0.8089735,0.6180672172821483
AAPL,2022-04-15,2,0.8430800139904022,0.867105,-0.5766314344860196
AAPL,2022-04-16,1,0.9274611473083496,1.0,0.0
AAPL,2022-04-18,2,0.8515413701534271,0.6026885,-0.4923148525316146
AAPL,2022-04-19,3,0.7506755193074545,0.6494,-0.6352356020942408
AAPL,2022-04-20,2,0.9664943218231201,0.6566575,-1.0
AAPL,2022-04-21,2,0.5659953057765961,0.813755,0.2288710975662208
AAPL,2022-04-22,1,0.842415452003479,0.566875,0.0
AAPL,2022-04-25,5,0.8344355702400208,0.7435092,-0.16639901698593643
AAPL,2022-04-26,2,0.9053720533847809,0.7994684999999999,0.0
AAPL,2022-04-27,3,0.7794064879417419,0.738182,-0.0038328397784466615
AAPL,2022-04-28,4,0.8550412356853485,0.7483822499999999,0.0
AAPL,2022-04-29,6,0.9374618828296661,0.8368254999999999,-0.25940872181038144
AAPL,2022-04-30,1,0.9246241450309753,0.649023,0.0
AAPL,2022-05-02,3,0.9168020884195963,0.9070276666666667,-0.7350014681654327
AAPL,2022-05-03,4,0.8277054131031036,0.715956,0.19058992452050125
AAPL,2022-05-05,3,0.931908925374349,0.7385533333333333,-0.39566765658991004
AAPL,2022-05-06,1,0.5212624669075012,0.621093,0.0
AAPL,2022-05-07,2,0.8561055660247803,0.836773,-0.5554427544865812
AAPL,2022-05-08,2,0.7259217798709869,0.6667464999999999,0.5288021759394312
AAPL,2022-05-09,4,0.8201011568307877,0.67973675,-0.21584311867792935
AAPL,2022-05-10,3,0.9133503635724386,0.7307250000000001,-0.6588338066075929
AAPL,2022-05-11,5,0.7255224347114563,0.8888436000000001,-0.002062230070622093
AAPL,2022-05-12,3,0.8894074161847433,0.6657706666666666,0.351040298160728
AAPL,2022-05-16,4,0.8733537644147873,0.66002725,0.0
AAPL,2022-05-17,5,0.7912248790264129,0.696334,0.1790830262488978
AAPL,2022-05-18,7,0.8615745476314,0.7392718571428573,0.06792649060281901
AAPL,2022-05-19,2,0.9124202132225037,0.6370009999999999,0.49473391721520066
AAPL,2022-05-20,3,0.8388166626294454,0.665052,-0.37394619769080717
AAPL,2022-05-22,1,0.9430831074714661,0.633011,0.0
AAPL,2022-05-23,2,0.8663489818572998,0.663415,0.0
AAPL,2022-05-24,1,0.9286168217658997,0.618069,0.0
AAPL,2022-05-25,2,0.837057501077652,0.8612055000000001,0.0
AAPL,2022-05-26,3,0.7411681612332662,0.7019536666666667,0.35182806462534805
AAPL,2022-05-27,4,0.7197788059711456,0.7783035,-0.31983988251369805
AAPL,2022-05-30,1,0.8266283273696899,0.718747,0.0
AAPL,2022-05-31,1,0.9643420577049255,1.0,-1.0
AAPL,2022-06-01,1,0.9184631705284119,0.625119,0.0
AAPL,2022-06-02,2,0.6033515334129333,0.996075,0.0
AAPL,2022-06-03,1,0.926880955696106,0.733513,0.0
AAPL,2022-06-04,1,0.9243021607398987,0.704392,0.0
AAPL,2022-06-05,1,0.8934401869773865,0.649043,0.0
AAPL,2022-06-06,5,0.8297207236289978,1.0,0.4
AAPL,2022-06-07,1,0.7755436897277832,0.640768,0.0
AAPL,2022-06-08,3,0.7534378369649252,0.872874,0.0
AAPL,2022-06-09,2,0.94158735871315,0.7238745,-0.5039513064764679
AAPL,2022-06-10,4,0.8502417057752609,0.6525752499999999,-0.48150538960832484
AAPL,2022-06-12,1,0.9073922634124756,1.0,0.0
AAPL,2022-06-13,2,0.8282497525215149,0.6113295,1.0
AAPL,2022-06-14,1,0.6225990056991577,0.632494,0.0
AAPL,2022-06-15,7,0.8691532356398446,0.7268207142857143,0.0404992781674396
AAPL,2022-06-17,1,0.8946656584739685,0.550007,0.0
AAPL,2022-06-19,1,0.9250964522361755,0.615375,0.0
AAPL,2022-06-20,1,0.902978777885437,0.742584,-1.0
AAPL,2022-06-21,1,0.9471374750137329,0.575646,0.0
AAPL,2022-06-23,4,0.864453449845314,0.65126325,0.0
AAPL,2022-06-24,1,0.9243406653404236,0.735597,0.0
AAPL,2022-06-25,1,0.8473765850067139,0.749866,0.0
AAPL,2022-06-26,1,0.6291258335113525,1.0,1.0
AAPL,2022-06-27,2,0.809964120388031,0.6840195,0.0
AAPL,2022-06-28,1,0.9381147623062134,0.626434,0.0
AAPL,2022-06-29,2,0.6631454229354858,0.824099,0.0
AAPL,2022-06-30,4,0.7203531414270401,0.8695195,-0.2849844080552535
AMD,2022-01-04,3,0.6719478170077006,1.0,0.3333333333333333
AMD,2022-01-05,2,0.6919862031936646,0.6075109999999999,0.0
AMD,2022-01-06,2,0.7763806581497192,0.6374744999999999,0.0
AMD,2022-01-07,1,0.5530068278312683,0.646467,1.0
AMD,2022-01-09,1,0.8248283863067627,0.722568,0.0
AMD,2022-01-10,3,0.6780822078386942,0.6261886666666666,0.6615897445178929
AMD,2022-01-11,2,0.7039356678724289,0.6610555,0.5649056697962577
AMD,2022-01-12,1,0.9028334021568298,1.0,0.0
AMD,2022-01-13,3,0.8124173879623413,0.64031,0.0
AMD,2022-01-14,3,0.7796314358711243,0.753594,0.0
AMD,2022-01-15,1,0.8283705711364746,1.0,0.0
AMD,2022-01-20,1,0.9018479585647583,0.739594,0.0
AMD,2022-01-21,1,0.8803489208221436,0.743862,0.0
AMD,2022-01-22,1,0.5157396197319031,0.628809,0.0
AMD,2022-01-24,2,0.7311063408851624,0.618625,0.0
AMD,2022-01-26,2,0.6607844829559326,0.6690005,0.5306797229598483
AMD,2022-01-27,2,0.936240553855896,0.6702335,0.0
AMD,2022-01-28,3,0.8439532121022543,0.589743,0.0
AMD,2022-01-31,1,0.6490476131439209,0.62263,0.0
AMD,2022-02-01,2,0.9124377965927124,0.9721295,-0.48566523287278085
AMD,2022-02-02,2,0.7518705129623413,0.785563,0.6364861888861874
AMD,2022-02-03,1,0.7754424810409546,0.649906,0.0
AMD,2022-02-04,3,0.7734713355700175,0.6867446666666667,0.3457121860914828
AMD,2022-02-08,2,0.895519882440567,0.622489,0.0
AMD,2022-02-09,1,0.6671541333198547,0.729977,0.0
AMD,2022-02-14,5,0.8445153951644897,1.0,0.2
AMD,2022-02-15,4,0.8889883756637573,0.6940435,-0.002486155406685591
AMD,2022-02-16,3,0.9096990823745728,0.7524556666666666,0.2736785821711756
AMD,2022-02-17,1,0.882294774055481,0.736308,1.0
AMD,2022-02-18,3,0.6455156803131104,0.6550633333333333,-0.3110564372910507
AMD,2022-02-22,2,0.9133718013763428,0.8576865,-0.5829635886772148
AMD,2022-02-24,1,0.9398167729377747,0.72756,0.0
AMD,2022-02-25,2,0.828154981136322,0.610824,0.0
AMD,2022-02-28,2,0.902953028678894,0.703508,-0.5135883316181195
AMD,2022-03-02,3,0.8605739076932272,0.9302276666666667,0.0
AMD,2022-03-03,2,0.8773981034755707,0.608622,-0.5049948900959873
AMD,2022-03-04,1,0.8429145216941833,0.925545,0.0
AMD,2022-03-07,1,0.9686731696128845,0.613459,-1.0
AMD,2022-03-08,5,0.6120892405509949,0.7618958,0.3769649340500367
AMD,2022-03-11,1,0.895133912563324,0.617472,1.0
AMD,2022-03-14,3,0.857231855392456,0.6984963333333334,0.02023584948429698
AMD,2022-03-15,2,0.7917808890342712,0.8094945,1.0
AMD,2022-03-17,1,0.6797364950180054,1.0,1.0
AMD,2022-03-18,3,0.8096110026041666,0.6227506666666667,-0.33907363674707697
AMD,2022-03-21,1,0.9517657160758972,1.0,1.0
AMD,2022-03-22,3,0.7861796816190084,0.6329633333333333,0.3069545892600414
AMD,2022-03-23,3,0.6810551285743713,0.7414636666666666,0.28937628321639497
AMD,2022-03-24,2,0.7820675671100616,0.672811,-0.5248658241318884
AMD,2022-03-25,1,0.8881819248199463,0.6241,0.0
AMD,2022-03-30,2,0.8045785129070282,0.6084615,0.0
AMD,2022-04-01,1,0.9084024429321289,0.68903,0.0
AMD,2022-04-04,6,0.8171525100866953,0.9554213333333333,0.17444310782258715
AMD,2022-04-05,3,0.7978137135505676,0.790566,0.42163884271943564
AMD,2022-04-06,2,0.9184179902076721,0.8126845,-0.2304898149281794
AMD,2022-04-08,3,0.9183932145436605,0.751969,0.0
AMD,2022-04-10,1,0.9226059317588806,0.928371,0.0
AMD,2022-04-11,1,0.6496655941009521,0.632766,1.0
AMD,2022-04-12,3,0.7823771039644877,0.7443303333333334,-0.1582854565916298
AMD,2022-04-18,1,0.9418790340423584,0.741859,0.0
AMD,2022-04-19,2,0.7681356966495514,0.6164065,0.5110791336561181
AMD,2022-04-20,2,0.6863748133182526,0.721079,0.4984897632575626
AMD,2022-04-21,1,0.9236853122711182,0.615378,0.0
AMD,2022-04-26,1,0.7837644219398499,1.0,0.0
AMD,2022-04-27,1,0.9327861070632935,0.629006,0.0
AMD,2022-04-28,2,0.9289126098155975,0.74122,0.0
AMD,2022-05-02,1,0.9154715538024902,0.620856,0.0
AMD,2022-05-03,2,0.8419725298881531,0.816928,0.0
AMD,2022-05-04,1,0.9294570088386536,0.646263,0.0
AMD,2022-05-05,3,0.7750433484713236,0.783681,0.0
AMD,2022-05-06,2,0.8284284174442291,0.616055,-0.4873655761255083
AMD,2022-05-09,3,0.9096034169197083,0.7256170000000001,-0.617390900893079
AMD,2022-05-10,4,0.7535244822502136,0.693609,0.5772272274437038
AMD,2022-05-11,2,0.6566317975521088,0.6370795,0.0
AMD,2022-05-12,3,0.8084391554196676,0.6684576666666667,0.0
AMD,2022-05-13,1,0.890006422996521,0.619519,0.0
AMD,2022-05-16,1,0.8481533527374268,0.61437,0.0
AMD,2022-05-17,3,0.8624584674835205,0.829967,0.0
AMD,2022-05-18,2,0.8327820897102356,0.6456729999999999,0.0
AMD,2022-05-19,2,0.802748054265976,0.8732595000000001,0.0
AMD,2022-05-20,1,0.5118256211280823,0.639113,0.0
AMD,2022-05-23,3,0.8213852445284525,0.9654393333333333,0.34526595491240947
AMD,2022-05-24,2,0.7911677658557892,0.6344525,0.0
AMD,2022-05-25,1,0.9119911789894104,0.608076,0.0
AMD,2022-05-26,3,0.7715235948562622,0.717399,0.0
AMD,2022-05-27,2,0.7655288875102997,0.7660145,0.0
AMD,2022-05-30,1,0.6591286659240723,0.749201,1.0
AMD,2022-06-01,1,0.6492658257484436,0.642641,1.0
AMD,2022-06-02,1,0.8923354148864746,0.628123,0.0
AMD,2022-06-06,3,0.7147595087687174,0.584313,0.3482397276801988
AMD,2022-06-09,2,0.7940431535243988,1.0,0.5
AMD,2022-06-13,2,0.916594386100769,1.0,-0.5
AMD,2022-06-14,2,0.709941178560257,0.695052,0.40589624948924685
AMD,2022-06-17,1,0.9643263220787048,0.714058,-1.0
AMD,2022-06-20,1,0.9029788970947266,0.612811,-1.0
AMD,2022-06-21,1,0.5146162509918213,0.619073,0.0
AMD,2022-06-22,1,0.9066607356071472,0.594186,0.0
AMD,2022-06-24,1,0.9394695162773132,0.612368,1.0
AMD,2022-06-27,1,0.9239485263824463,0.705919,0.0
AMD,2022-06-28,3,0.9167493581771851,0.7574703333333334,0.0
AMD,2022-06-29,3,0.825141191482544,0.735909,-0.3379389752446747
AMD,2022-06-30,1,0.8979483842849731,0.634852,0.0
AMD,2026-08-25,3,0.8052321473757426,0.9005836666666666,0.0
AMD,2026-08-26,12,0.7809020628531774,0.9752195,0.25635254422209564
AMD,2026-08-27,3,0.9227718313535055,0.8224329999999999,0.18939698836663085
AMD,2026-08-28,1,0.9329141974449158,0.732535,0.0
AMD,2026-08-29,1,0.6768366694450378,1.0,-1.0
AMD,2026-08-30,7,0.9272731287138802,0.9162488571428572,0.1559152207868667
AMD,2026-08-31,9,0.8192217614915636,0.9383645555555555,0.44006256274954025
AMD,2026-09-01,23,0.8511433238568513,0.9302926086956522,0.05149099885823675
AMD,2026-09-02,17,0.8353532955927008,0.9597921764705882,-0.018060037139167446
AMD,2026-09-03,13,0.81493413906831,0.9467473076923076,0.059956458205280186
AMD,2026-09-04,5,0.9054277539253235,0.908965,0.1856999994499238
AMD,2026-09-05,11,0.874398025599393,0.9565644545454546,0.09503707824089029
AMD,2026-09-06,9,0.8834142353799608,0.9979450000000001,0.11133991463568745
AMD,2026-09-07,5,0.8073447942733765,0.9792757999999999,0.20423255634418824
AMZN,2022-01-03,1,0.7448047399520874,0.729983,1.0
AMZN,2022-01-04,4,0.8682388514280319,0.67900975,-0.005964936438688849
AMZN,2022-01-05,7,0.812279863016946,0.8043268571428571,0.04584507932809122
AMZN,2022-01-06,4,0.8647250682115555,0.655809,0.507786947114175
AMZN,2022-01-07,1,0.867156445980072,0.639644,-1.0
AMZN,2022-01-09,2,0.8528949320316315,0.671352,0.0
AMZN,2022-01-10,5,0.7936448693275452,0.7092432000000001,-0.18282445288160676
AMZN,2022-01-11,3,0.8667312860488892,0.702268,0.0
AMZN,2022-01-12,3,0.8745524088541666,0.628697,-0.32935579460375985
AMZN,2022-01-13,6,0.7554644246896108,0.6688716666666666,0.3332587466953053
AMZN,2022-01-14,3,0.7582423686981201,0.6060966666666666,-0.3505397928823235
AMZN,2022-01-16,1,0.5217577815055847,0.748057,0.0
AMZN,2022-01-17,3,0.8256829778353373,0.649294,-0.08508369603497543
AMZN,2022-01-18,5,0.8308570146560669,0.7230603999999999,-0.024952272313626917
AMZN,2022-01-19,6,0.810512900352478,0.7466266666666667,0.05320418951015234
AMZN,2022-01-20,4,0.754557341337204,0.75543675,0.23898790997393232
AMZN,2022-01-21,2,0.7719128429889679,0.6875184999999999,0.0
AMZN,2022-01-23,1,0.8868540525436401,0.737964,0.0
AMZN,2022-01-24,4,0.7711252719163895,0.678614,0.4692188784787817
AMZN,2022-01-25,3,0.8022149205207825,0.7480253333333332,-1.0
AMZN,2022-01-26,4,0.6961003988981247,0.640022,0.2866920980841284
AMZN,2022-01-27,6,0.8787707487742106,0.6874233333333333,-0.1543937020855659
AMZN,2022-01-28,2,0.740619033575058,0.75194,0.4005552304705162
AMZN,2022-01-29,2,0.7582894861698151,0.659438,0.531526087365302
AMZN,2022-01-31,3,0.8419078588485718,0.6298886666666667,0.3310966064902475
AMZN,2022-02-01,4,0.7586207687854767,0.707252,0.0
AMZN,2022-02-02,5,0.8255364000797272,0.7123086,-0.011596097534130573
AMZN,2022-02-03,10,0.8067590147256851,0.7611323999999999,0.45629774793452493
AMZN,2022-02-04,7,0.9299092377935138,0.7791984285714285,0.43552559232573984
AMZN,2022-02-05,3,0.7621786793073019,0.6421169999999999,0.0
AMZN,2022-02-06,1,0.8578377962112427,0.845563,-1.0
AMZN,2022-02-07,6,0.8532341321309408,0.8077773333333332,0.2628597732378395
AMZN,2022-02-08,7,0.7123339687074933,0.8270088571428571,0.23549324571061772
AMZN,2022-02-09,2,0.6858034133911133,0.5793235,0.0
AMZN,2022-02-10,6,0.8983583152294159,0.6889241666666667,0.0
AMZN,2022-02-11,7,0.7794183492660522,0.6635298571428571,-0.032469418428581864
AMZN,2022-02-12,1,0.9178240299224854,0.733211,-1.0
AMZN,2022-02-13,1,0.8633298873901367,0.70487,0.0
AMZN,2022-02-14,8,0.7676799148321152,0.640793625,-0.033042034399140593
AMZN,2022-02-15,11,0.7757832678881559,0.7031608181818182,-0.12244916428661282
AMZN,2022-02-16,3,0.7918971180915833,0.8512486666666667,-0.3576522488924114
AMZN,2022-02-17,3,0.797085185845693,0.6180863333333333,1.0
AMZN,2022-02-18,4,0.7327868342399597,0.739928,0.348514652777027
AMZN,2022-02-19,1,0.928503155708313,0.745776,0.0
AMZN,2022-02-22,4,0.8635171800851822,0.6146065000000001,-0.5085546605836416
AMZN,2022-02-23,1,0.5779807567596436,0.644109,0.0
AMZN,2022-02-24,5,0.8985378265380859,0.6355598,-0.001987539174126491
AMZN,2022-02-25,2,0.8191066086292267,0.8378835,0.4236000589580771
AMZN,2022-02-26,1,0.8971899151802063,0.73796,0.0
AMZN,2022-02-28,11,0.7870466031811454,0.7757302727272727,0.18604346192028087
AMZN,2022-03-01,3,0.847555418809255,0.6646773333333332,0.32056556765387917
AMZN,2022-03-02,6,0.7495904465516409,0.7585948333333333,-0.1025617759502273
AMZN,2022-03-03,4,0.8877629190683365,0.71658275,-0.34887806048917586
AMZN,2022-03-04,3,0.8321539759635925,0.641481,0.0
AMZN,2022-03-07,2,0.7578156590461731,0.685202,0.0
AMZN,2022-03-08,5,0.8485551357269288,0.6719329999999999,-0.6210217387745506
AMZN,2022-03-09,7,0.8627617870058332,0.7813462857142858,0.1126796898539956
AMZN,2022-03-10,6,0.6974039375782013,0.8255073333333334,0.20189604614859064
AMZN,2022-03-11,5,0.7753926992416382,0.691151,0.2041577021519176
AMZN,2022-03-13,1,0.8157742023468018,0.651069,0.0
AMZN,2022-03-14,1,0.8832597732543945,0.603743,0.0
AMZN,2022-03-15,8,0.844287246465683,0.720521,0.09426477507248228
AMZN,2022-03-16,8,0.7983012720942497,0.632876125,0.12044892671531889
AMZN,2022-03-17,8,0.7407752871513367,0.7244517500000001,-0.10533551751376126
AMZN,2022-03-20,1,0.8351528644561768,0.631689,0.0
AMZN,2022-03-21,5,0.7976767778396606,0.7852178000000001,0.5094128024097263
AMZN,2022-03-22,7,0.777827399117606,0.6657552857142858,0.6089652847560675
AMZN,2022-03-23,2,0.8930432796478271,0.6165195,0.0
AMZN,2022-03-24,4,0.8845457583665848,0.7396182499999999,0.12574865479590316
AMZN,2022-03-28,4,0.7937245219945908,0.71244425,-0.7800396311711408
AMZN,2022-03-29,2,0.8837200105190277,0.7116775,0.41280074190908106
AMZN,2022-03-30,8,0.8236031085252762,0.6628775,0.29103133686088306
AMZN,2022-03-31,4,0.6037118658423424,0.73034925,-0.15611845976428398
AMZN,2022-04-01,6,0.6460298895835876,0.8626408333333333,-0.19320516746540903
AMZN,2022-04-02,3,0.827858050664266,0.882205,0.24431774171913936
AMZN,2022-04-04,5,0.880088722705841,0.7023992,0.0
AMZN,2022-04-05,4,0.8620326220989227,0.71058725,-0.22388735514182107
AMZN,2022-04-06,3,0.8047433892885844,0.7059953333333334,0.3935290412684503
AMZN,2022-04-07,3,0.8374881943066915,0.638001,0.3295762859305863
AMZN,2022-04-08,1,0.6493550539016724,0.725048,0.0
AMZN,2022-04-11,7,0.8542453306061881,0.6920185714285714,0.07817193180199539
AMZN,2022-04-12,8,0.8404998555779457,0.64714725,-0.14236153363859616
AMZN,2022-04-13,3,0.773385763168335,0.7512996666666667,0.2801394383688
AMZN,2022-04-14,4,0.7954927384853363,0.7721115000000001,0.0
AMZN,2022-04-15,3,0.8917271892229716,0.66582,-0.3121799685600713
AMZN,2022-04-18,5,0.7851173639297485,0.7036058,0.4399486189568079
AMZN,2022-04-19,10,0.8434026718139649,0.6522827,-0.192313854100377
AMZN,2022-04-20,10,0.8595976769924164,0.6970028,0.08809878525595591
AMZN,2022-04-21,8,0.7773115709424019,0.678452625,-0.12341484418311448
AMZN,2022-04-22,3,0.8974156181017557,0.66184,0.3695329183286998
AMZN,2022-04-24,1,0.9159896969795227,0.630825,0.0
AMZN,2022-04-25,11,0.7804971770806746,0.6663711818181818,-0.0339858361767527
AMZN,2022-04-26,4,0.8976955264806747,0.6183665,0.0
AMZN,2022-04-27,6,0.840787430604299,0.7851571666666667,0.07932297206737589
AMZN,2022-04-28,2,0.909866988658905,0.8006249999999999,0.0
AMZN,2022-04-29,16,0.8791835680603981,0.8097644375,-0.33475159558362305
AMZN,2022-05-01,1,0.8844853043556213,0.584063,0.0
AMZN,2022-05-02,4,0.7748586386442184,0.90281075,-0.4461740735807588
AMZN,2022-05-03,8,0.8071386851370335,0.812773125,0.1695591558837529
AMZN,2022-05-04,13,0.8035423342998211,0.7627616923076922,0.09213009567863821
AMZN,2022-05-05,9,0.8622383144166734,0.7169277777777778,-0.20367772981936813
AMZN,2022-05-06,5,0.8220581173896789,0.7615272,-0.26263014636903315
AMZN,2022-05-07,3,0.5973747968673706,0.7027513333333334,0.6919166286415204
AMZN,2022-05-09,1,0.7909201979637146,0.640694,0.0
AMZN,2022-05-10,4,0.8256182968616486,0.64902275,-0.18448120655246675
AMZN,2022-05-11,8,0.7766104191541672,0.63339225,-0.25223745633136496
AMZN,2022-05-12,10,0.8223214983940125,0.6427478,-0.11367397912524944
AMZN,2022-05-13,4,0.8071518838405609,0.64059675,-0.26596060626283224
AMZN,2022-05-15,1,0.93083256483078,0.608568,0.0
AMZN,2022-05-16,5,0.7979334950447082,0.737548,0.0
AMZN,2022-05-17,4,0.9218179881572723,0.7002929999999999,-0.796643333576089
AMZN,2022-05-18,8,0.7845357730984688,0.676976375,-0.20580075634101705
AMZN,2022-05-19,5,0.8507569074630738,0.6186006,-0.20469265629551603
AMZN,2022-05-20,1,0.86416095495224,0.727,0.0
AMZN,2022-05-22,1,0.9017336368560791,0.646024,0.0
AMZN,2022-05-23,8,0.8483767211437225,0.7206145,0.3922374584469227
AMZN,2022-05-24,6,0.9214967290560404,0.7898345,0.0707194566287832
AMZN,2022-05-25,2,0.897134393453598,0.617157,0.49946285953169134
AMZN,2022-05-26,5,0.7943132758140564,0.6317584,0.22884602721546718
AMZN,2022-05-27,7,0.8217025910105024,0.6644927142857142,0.0
AMZN,2022-05-29,1,0.9089645147323608,0.649069,0.0
AMZN,2022-05-30,1,0.9195820093154907,0.611132,1.0
AMZN,2022-05-31,3,0.5966596404711405,0.6933440000000001,0.0
AMZN,2022-06-01,4,0.7958469539880753,0.6283315,0.24198651508001748
AMZN,2022-06-02,3,0.7803317507108053,0.8359563333333333,0.0
AMZN,2022-06-03,6,0.813871035973231,0.830568,-0.2006658896883418
AMZN,2022-06-04,1,0.9160965085029602,0.606553,0.0
AMZN,2022-06-05,1,0.6521033644676208,0.622999,0.0
AMZN,2022-06-06,6,0.8349684874216715,0.7097778333333333,0.0903667743920809
AMZN,2022-06-07,5,0.8494425535202026,0.6229728,-0.1951006528695956
AMZN,2022-06-08,5,0.877655565738678,0.8098110000000001,-0.5951129337586177
AMZN,2022-06-09,3,0.8636352817217509,0.6601623333333334,0.0002191380200930046
AMZN,2022-06-10,3,0.7945495049158732,0.6386310000000001,0.0
AMZN,2022-06-11,1,0.8052956461906433,0.644233,-1.0
AMZN,2022-06-12,1,0.9452112317085266,0.711085,-1.0
AMZN,2022-06-13,9,0.860838896698422,0.7586595555555555,-0.04089054144619986
AMZN,2022-06-14,5,0.822987687587738,0.6744072,0.009652625298187783
AMZN,2022-06-15,3,0.9327322045962015,0.6290293333333333,0.0
AMZN,2022-06-16,7,0.8364879063197544,0.8401032857142857,0.21110380475325907
AMZN,2022-06-17,2,0.8170525431632996,0.5952135000000001,0.0
AMZN,2022-06-18,1,0.6130399107933044,0.717621,-1.0
AMZN,2022-06-19,2,0.686973363161087,0.6555945,-0.540700844805745
AMZN,2022-06-20,4,0.7785939648747444,0.64373,-0.5487987976325478
AMZN,2022-06-21,4,0.8434721678495407,0.684982,0.0
AMZN,2022-06-22,8,0.8069991618394852,0.751405875,0.1594605911219419
AMZN,2022-06-23,1,0.5664597749710083,0.615409,-1.0
AMZN,2022-06-24,4,0.7803266048431396,0.644284,0.4908215942037984
AMZN,2022-06-27,3,0.8667122522989908,0.6266403333333334,0.0
AMZN,2022-06-28,3,0.7059511343638102,0.6276396666666666,0.3213197168863876
AMZN,2022-06-29,6,0.7906226913134257,0.6822726666666666,0.0
AMZN,2022-06-30,9,0.8188071184688144,0.6873908888888889,-0.1208911054651421
AVGO,2022-01-04,1,0.5765414834022522,0.626594,0.0
AVGO,2022-01-06,1,0.8666495084762573,0.571319,0.0
AVGO,2022-01-07,1,0.8447543978691101,0.582074,0.0
AVGO,2022-01-12,1,0.9139081239700317,0.616226,0.0
AVGO,2022-01-13,1,0.5548627972602844,0.707562,0.0
AVGO,2022-01-14,1,0.7349488735198975,0.853341,0.0
AVGO,2022-01-19,1,0.6663805842399597,0.928018,0.0
AVGO,2022-01-20,1,0.5673220157623291,0.729035,0.0
AVGO,2022-01-24,1,0.9456577897071838,0.636661,1.0
AVGO,2022-01-25,1,0.836603045463562,0.625117,0.0
AVGO,2022-01-27,1,0.9516432881355286,0.62505,0.0
AVGO,2022-01-28,2,0.8363374471664429,0.6893914999999999,0.0
AVGO,2022-02-02,1,0.9123945236206055,0.638454,1.0
AVGO,2022-02-04,2,0.8819306492805481,0.954877,1.0
AVGO,2022-02-09,1,0.8901038765907288,0.619974,0.0
AVGO,2022-02-15,1,0.8746029138565063,0.608471,0.0
AVGO,2022-02-18,1,0.9188634753227234,0.615873,0.0
AVGO,2022-02-25,1,0.9433127641677856,0.626155,0.0
AVGO,2022-02-28,1,0.8647367358207703,0.636335,1.0
AVGO,2022-03-05,1,0.9323417544364929,0.600383,0.0
AVGO,2022-03-07,1,0.7548347115516663,0.626564,1.0
AVGO,2022-03-09,2,0.7565858066082001,0.972591,-0.5140907123343729
AVGO,2022-03-10,1,0.8957425355911255,0.618472,0.0
AVGO,2022-03-15,1,0.8557299971580505,0.705109,-1.0
AVGO,2022-03-18,1,0.7259127497673035,0.607511,0.0
AVGO,2022-03-22,1,0.7291225790977478,0.689528,1.0
AVGO,2022-03-29,2,0.9208880364894867,0.825186,0.42875121487761547
AVGO,2022-03-30,1,0.8374533653259277,0.631138,0.0
AVGO,2022-04-04,1,0.9441148638725281,1.0,0.0
AVGO,2022-04-07,1,0.8795285224914551,0.648429,0.0
AVGO,2022-04-12,1,0.8228266835212708,0.636001,0.0
AVGO,2022-04-13,1,0.819209098815918,1.0,0.0
AVGO,2022-04-14,2,0.9580682218074799,0.951947,-0.5252393252985723
AVGO,2022-04-18,1,0.7886003851890564,0.969589,-1.0
AVGO,2022-04-20,1,0.6025130152702332,0.73202,1.0
AVGO,2022-04-21,1,0.9217029809951782,0.631011,0.0
AVGO,2022-04-27,1,0.7965055704116821,0.576908,0.0
AVGO,2022-05-10,1,0.6249408721923828,0.619603,0.0
AVGO,2022-05-12,1,0.795316219329834,0.926594,0.0
AVGO,2022-05-15,1,0.9323682188987732,0.609618,0.0
AVGO,2022-05-17,1,0.5083543062210083,0.601772,0.0
AVGO,2022-05-18,1,0.4975152015686035,0.555224,0.0
AVGO,2022-05-20,1,0.5126490592956543,0.894684,1.0
AVGO,2022-05-22,3,0.8862143556276957,0.9956026666666666,0.0
AVGO,2022-05-23,4,0.8432387858629227,0.90820125,0.0
AVGO,2022-05-24,1,0.9286168217658997,1.0,0.0
AVGO,2022-05-26,5,0.8894204735755921,0.9831016,0.1862489085563486
AVGO,2022-05-27,3,0.9054446617762247,0.9971909999999999,0.0
AVGO,2022-06-02,1,0.8923354148864746,0.600958,0.0
AVGO,2022-06-07,2,0.9267403483390808,0.7471745000000001,0.6208148163514681
AVGO,2022-06-13,1,0.9360593557357788,1.0,0.0
AVGO,2022-06-14,3,0.814497689406077,0.726047,-0.2838654614187052
AVGO,2022-06-17,1,0.6810826659202576,0.987027,-1.0
AVGO,2022-06-23,1,0.9227456450462341,1.0,0.0
AVGO,2022-06-24,1,0.9394695162773132,0.934175,1.0
AVGO,2022-06-27,1,0.8619190454483032,1.0,0.0
AVGO,2022-06-29,1,0.7231553792953491,0.648487,1.0
GOOGL,2022-01-03,2,0.7416167855262756,0.627005,-0.0036921555649476663
GOOGL,2022-01-04,4,0.8375517427921295,0.75197525,-0.06609625782231532
GOOGL,2022-01-05,2,0.7785333693027496,0.7941045,-0.6296400536705182
GOOGL,2022-01-07,4,0.7953827679157257,0.772357,-0.598878497896698
GOOGL,2022-01-08,1,0.8455128073692322,0.88753,-1.0
GOOGL,2022-01-09,2,0.9254313111305237,0.6331585,0.0
GOOGL,2022-01-11,2,0.8103030622005463,0.7799050000000001,0.0
GOOGL,2022-01-12,1,0.8427652716636658,0.630646,0.0
GOOGL,2022-01-14,1,0.776353120803833,0.71444,0.0
GOOGL,2022-01-15,1,0.8851118087768555,1.0,0.0
GOOGL,2022-01-16,1,0.9510883688926697,0.614361,0.0
GOOGL,2022-01-17,1,0.9340111017227173,0.600372,1.0
GOOGL,2022-01-18,1,0.8432132005691528,0.636141,1.0
GOOGL,2022-01-19,3,0.7993618448575338,0.6743306666666666,0.2744217475897087
GOOGL,2022-01-20,2,0.8386979699134827,0.6076269999999999,0.0
GOOGL,2022-01-21,1,0.8796204924583435,0.632674,1.0
GOOGL,2022-01-23,1,0.9083370566368103,0.725494,0.0
GOOGL,2022-01-26,2,0.7153818309307098,0.6317865,0.49468056060077253
GOOGL,2022-01-27,1,0.787470817565918,0.908753,0.0
GOOGL,2022-01-31,1,0.9399977922439575,0.597991,-1.0
GOOGL,2022-02-01,5,0.8879302144050598,0.77245,0.0
GOOGL,2022-02-02,5,0.8009251534938813,1.0,0.0
GOOGL,2022-02-03,5,0.7985010147094727,0.8325218,0.17045775858361908
GOOGL,2022-02-04,3,0.7639650503794352,0.7308103333333333,0.22246583814952442
GOOGL,2022-02-06,1,0.8578379154205322,0.746759,-1.0
GOOGL,2022-02-07,1,0.6796198487281799,0.630398,0.0
GOOGL,2022-02-08,2,0.9150734841823578,0.7338009999999999,0.0
GOOGL,2022-02-09,2,0.6042115390300751,0.6956415,0.0
GOOGL,2022-02-10,4,0.9124870151281357,0.727813,0.0
GOOGL,2022-02-11,7,0.8760852898870196,0.6952104285714286,-0.30946354783022534
GOOGL,2022-02-12,1,0.9265658259391785,0.625313,0.0
GOOGL,2022-02-13,1,0.8633298873901367,0.736179,0.0
GOOGL,2022-02-14,4,0.7802963405847549,0.722858,-0.011425480523145647
GOOGL,2022-02-15,3,0.7394507527351379,0.6659706666666666,0.0
GOOGL,2022-02-16,2,0.7843918800354004,0.652056,0.5372375992246065
GOOGL,2022-02-17,6,0.8316920200983683,0.7244831666666668,0.0018247490912487127
GOOGL,2022-02-18,2,0.8952407836914062,0.731914,0.0
GOOGL,2022-02-21,2,0.8538233041763306,0.5622320000000001,0.0
GOOGL,2022-02-22,1,0.8544176816940308,0.803876,1.0
GOOGL,2022-02-23,3,0.8191347718238831,0.6428033333333333,0.0
GOOGL,2022-02-24,2,0.7111637592315674,0.685861,-0.5355684315043427
GOOGL,2022-02-25,2,0.8044131398200989,0.6754595,1.0
GOOGL,2022-02-27,1,0.7837671637535095,0.727766,0.0
GOOGL,2022-02-28,1,0.8580726981163025,0.631579,0.0
GOOGL,2022-03-01,3,0.9334121545155843,0.8047293333333334,-0.38456615640538344
GOOGL,2022-03-02,5,0.8035825014114379,0.7243850000000001,-0.005091767499327034
GOOGL,2022-03-03,2,0.9138364791870117,0.5770185,-0.47994475047160534
GOOGL,2022-03-04,2,0.8174444139003754,0.623272,0.0
GOOGL,2022-03-07,3,0.800011138121287,0.6784136666666667,0.0
GOOGL,2022-03-08,5,0.8621482372283935,0.7598864,-0.21736038439429894
GOOGL,2022-03-09,1,0.7428808212280273,0.601076,0.0
GOOGL,2022-03-10,4,0.8397933095693588,0.73809475,0.2433339351079248
GOOGL,2022-03-11,2,0.6593557894229889,0.708527,-0.4334062075263187
GOOGL,2022-03-12,1,0.937371015548706,0.71229,0.0
GOOGL,2022-03-16,2,0.707540899515152,0.59876,0.5176022112365556
GOOGL,2022-03-17,3,0.8843791286150614,0.6451293333333333,0.0
GOOGL,2022-03-18,1,0.4901249408721924,1.0,0.0
GOOGL,2022-03-19,2,0.6450474858283997,0.8138095000000001,0.0
GOOGL,2022-03-20,1,0.8351528644561768,0.624649,0.0
GOOGL,2022-03-21,2,0.7192345857620239,0.870833,0.48935616817460986
GOOGL,2022-03-22,3,0.7932169834772745,0.8444616666666667,0.0
GOOGL,2022-03-23,2,0.7092622220516205,0.7396995,0.0
GOOGL,2022-03-24,4,0.8879507631063461,0.626931,0.25303183284922903
GOOGL,2022-03-25,1,0.8975412249565125,0.629785,0.0
GOOGL,2022-03-28,3,0.8866940339406332,0.6406313333333333,-0.3888315380556888
GOOGL,2022-03-29,3,0.805231511592865,0.7918183333333334,-0.42097198220972404
GOOGL,2022-03-30,1,0.6836951375007629,0.640325,0.0
GOOGL,2022-03-31,2,0.7068042606115341,0.6251815000000001,-0.5041927824159863
GOOGL,2022-04-01,1,0.9324824213981628,0.842159,1.0
GOOGL,2022-04-04,3,0.9113920529683431,0.7995093333333333,-0.2677329595485231
GOOGL,2022-04-05,2,0.5972119569778442,0.80211,-0.24671179763374101
GOOGL,2022-04-06,1,0.5660935044288635,0.88823,0.0
GOOGL,2022-04-08,2,0.890518993139267,0.8000355,0.0
GOOGL,2022-04-11,2,0.6997685730457306,0.6415275,0.5011047850637735
GOOGL,2022-04-12,2,0.7146203368902206,0.8822654999999999,0.0
GOOGL,2022-04-13,2,0.8486613631248474,0.581591,0.0
GOOGL,2022-04-15,1,0.9233493804931641,0.721193,0.0
GOOGL,2022-04-18,1,0.871565043926239,0.896647,0.0
GOOGL,2022-04-19,1,0.666324257850647,0.626868,-1.0
GOOGL,2022-04-21,1,0.6189315915107727,0.601389,1.0
GOOGL,2022-04-22,1,0.9272005558013916,0.707705,0.0
GOOGL,2022-04-25,2,0.8271544873714447,0.5723225000000001,0.4840077054457932
GOOGL,2022-04-26,1,0.9363155364990234,0.631227,0.0
GOOGL,2022-04-27,3,0.8959041635195414,0.6631583333333334,0.0
GOOGL,2022-04-28,3,0.7411683996518453,0.6441773333333334,0.6868186400018214
GOOGL,2022-04-29,6,0.8749750753243765,0.7084651666666666,-0.14371701643294155
GOOGL,2022-05-01,1,0.9387394785881042,0.62057,0.0
GOOGL,2022-05-02,1,0.5138309597969055,0.71507,1.0
GOOGL,2022-05-03,3,0.8286191821098328,0.7739566666666667,-0.37847080155219714
GOOGL,2022-05-04,2,0.9316810667514801,0.7641465000000001,0.5292021883238358
GOOGL,2022-05-05,5,0.87728271484375,0.7610726,-0.449912137160108
GOOGL,2022-05-06,2,0.90535569190979,0.7837075,0.0
GOOGL,2022-05-07,2,0.8561055660247803,0.8139879999999999,-0.5612595025970899
GOOGL,2022-05-08,1,0.6169832348823547,0.592996,1.0
GOOGL,2022-05-09,4,0.8413709104061127,0.696728,-0.3115595325578992
GOOGL,2022-05-10,4,0.885227233171463,0.79689025,-0.802712481423885
GOOGL,2022-05-11,3,0.8680435617764791,0.7596630000000001,0.0
GOOGL,2022-05-12,3,0.8866653839747111,0.7444086666666667,0.28176458629802803
GOOGL,2022-05-13,1,0.9416400790214539,0.638364,0.0
GOOGL,2022-05-16,6,0.906025230884552,0.6538566666666666,0.0
GOOGL,2022-05-17,1,0.9420633912086487,0.640508,0.0
GOOGL,2022-05-18,3,0.913867712020874,0.705205,0.0
GOOGL,2022-05-19,1,0.926899790763855,1.0,0.0
GOOGL,2022-05-20,2,0.9109683930873871,0.6482535,-0.43663165721434594
GOOGL,2022-05-23,2,0.7974794209003448,0.756623,0.0
GOOGL,2022-05-24,2,0.8734615743160248,0.778325,0.41222368547843125
GOOGL,2022-05-26,2,0.9122970998287201,0.6396695,-0.4976233820746495
GOOGL,2022-05-27,1,0.8346710801124573,0.614249,0.0
GOOGL,2022-05-30,1,0.9364991784095764,0.607338,0.0
GOOGL,2022-05-31,2,0.7605716288089752,0.60129,-0.5143998736050824
GOOGL,2022-06-02,1,0.867301881313324,0.613827,0.0
GOOGL,2022-06-03,4,0.8192241936922073,0.7294017500000001,0.21551120490182535
GOOGL,2022-06-06,6,0.8660416901111603,0.7109256666666667,0.35398379671198626
GOOGL,2022-06-07,1,0.7240834832191467,0.560775,0.0
GOOGL,2022-06-08,3,0.7777180274327596,0.7254170000000001,0.7051001929464937
GOOGL,2022-06-09,1,0.9225814938545227,0.573402,0.0
GOOGL,2022-06-10,2,0.680183619260788,0.854454,0.0
GOOGL,2022-06-12,1,0.7816243171691895,1.0,0.0
GOOGL,2022-06-13,3,0.834298849105835,0.7862810000000001,0.2950035250332472
GOOGL,2022-06-14,2,0.6203211545944214,0.6692670000000001,0.0
GOOGL,2022-06-15,2,0.7850076854228973,0.761072,0.5264114301932012
GOOGL,2022-06-16,1,0.6565030217170715,0.636196,1.0
GOOGL,2022-06-17,1,0.7115567922592163,0.62132,1.0
GOOGL,2022-06-20,1,0.6220806241035461,0.641184,0.0
GOOGL,2022-06-21,2,0.8071680068969727,0.6760835000000001,-0.5536313192083522
GOOGL,2022-06-22,2,0.9260843694210052,0.7481585,0.0
GOOGL,2022-06-23,1,0.6508392095565796,0.838666,0.0
GOOGL,2022-06-24,2,0.7801803052425385,0.7177405,0.4413461411192485
GOOGL,2022-06-27,1,0.9295164346694946,0.530797,0.0
GOOGL,2022-06-28,4,0.8729986995458603,0.72876825,0.0
GOOGL,2022-06-29,2,0.872994065284729,0.7897265,0.0
GOOGL,2022-06-30,3,0.8492928147315979,0.701794,0.0
GOOGL,2026-08-09,14,0.8417133986949921,0.9242337857142857,0.16578937626557536
GOOGL,2026-08-10,16,0.9166022539138794,0.936829,-0.1622662727135902
GOOGL,2026-08-11,29,0.8655787994121683,0.8735186206896551,-0.040586466782777865
GOOGL,2026-08-12,24,0.8700786630312601,0.8747302916666667,0.038402789583665484
GOOGL,2026-08-13,16,0.8874058909714222,0.8998741875,-0.277816614225308
GOOGL,2026-08-14,22,0.8861939825794913,0.8361331363636364,0.05088940544429391
GOOGL,2026-08-15,9,0.9052071505122714,0.918957888888889,-0.0355276828668609
GOOGL,2026-08-16,12,0.878468265136083,0.9558470833333333,-0.09351600434692962
GOOGL,2026-08-17,19,0.8572124713345578,0.8905392105263159,0.11747223518335578
GOOGL,2026-08-18,16,0.7488161027431488,0.81844125,-0.00622265190079312
GOOGL,2026-08-19,29,0.8525205871154522,0.895820275862069,0.1706601555084094
GOOGL,2026-08-20,31,0.8292888335643276,0.8843449354838709,-0.017594251374618713
GOOGL,2026-08-21,9,0.7960355083147684,0.9057193333333333,0.12267719924028464
GOOGL,2026-08-22,8,0.7362676784396172,0.826354875,0.0
GOOGL,2026-08-23,4,0.8979264050722122,0.83455225,0.22124768101697645
GOOGL,2026-08-24,22,0.8090304854241285,0.7842655909090909,0.21936915735236492
GOOGL,2026-08-25,12,0.8580630868673325,0.85773425,0.06077222247644496
GOOGL,2026-08-26,15,0.8261991918087006,0.8503421333333333,-0.081051376026528
GOOGL,2026-08-27,1,0.7585617303848267,0.716231,0.0
GOOGL,2026-08-28,2,0.7412358224391937,0.8537265,-0.41917639899897685
GOOGL,2026-08-29,2,0.825204610824585,0.8665080000000001,0.4229712824347842
GOOGL,2026-08-31,5,0.917234480381012,0.8350548,0.23950523965612797
GOOGL,2026-09-01,16,0.8432222343981266,0.888618,-0.10277349209671649
GOOGL,2026-09-02,10,0.7959117829799652,0.870281,0.03090185813547577
GOOGL,2026-09-03,9,0.6615066097842323,0.7856817777777778,0.5625490727373932
GOOGL,2026-09-04,2,0.9352766573429108,0.8957174999999999,0.4449762341363209
GOOGL,2026-09-05,3,0.911917507648468,0.9348813333333333,-1.0
META,2022-01-03,1,0.7384288907051086,0.602834,-1.0
META,2022-01-05,1,0.8500222563743591,0.646501,0.0
META,2022-01-06,3,0.8100037376085917,0.756227,0.0
META,2022-01-08,1,0.9172545075416565,1.0,0.0
META,2022-01-10,1,0.8211525082588196,0.848943,-1.0
META,2022-01-12,2,0.9212663769721985,0.9043114999999999,0.0
META,2022-01-14,1,0.9510272145271301,1.0,-1.0
META,2022-01-18,1,0.9292276501655579,1.0,-1.0
META,2022-01-19,1,0.9095134139060974,0.604418,0.0
META,2022-01-20,2,0.8794437646865845,0.7735095000000001,0.0
META,2022-01-21,2,0.8815941512584686,0.8192090000000001,-0.220689714102262
META,2022-01-25,1,0.9376744031906128,0.628379,0.0
META,2022-01-27,1,0.887427568435669,0.57723,0.0
META,2022-01-28,2,0.9347260296344757,0.7771785,0.0
META,2022-02-01,3,0.6552416682243347,0.6322796666666667,0.0
META,2022-02-02,1,0.8615187406539917,1.0,0.0
META,2022-02-03,6,0.8619018793106079,0.7345636666666667,-0.07978046831429633
META,2022-02-04,5,0.9165085911750793,0.800107,0.08865514237470737
META,2022-02-05,1,0.6930765509605408,0.602573,0.0
META,2022-02-06,1,0.8578379154205322,1.0,-1.0
META,2022-02-07,4,0.751782163977623,0.80899875,0.0
META,2022-02-09,1,0.726810097694397,0.88651,-1.0
META,2022-02-10,4,0.8597239404916763,0.840224,0.19187264348554672
META,2022-02-11,1,0.8880109786987305,0.607995,0.0
META,2022-02-14,3,0.855618417263031,0.8199193333333333,-0.4065440583992409
META,2022-02-15,1,0.7547460794448853,1.0,-1.0
META,2022-02-18,1,0.5087113380432129,1.0,0.0
META,2022-02-21,1,0.7668359875679016,0.569451,0.0
META,2022-02-24,2,0.8417234122753143,0.6734724999999999,0.0
META,2022-02-25,1,0.8590325117111206,0.736134,0.0
META,2022-03-01,2,0.9297865033149719,0.9726980000000001,-0.48596583934581955
META,2022-03-02,6,0.8244725167751312,0.7163795000000001,-0.016303276871174197
META,2022-03-03,2,0.8950953781604767,0.743541,-0.4992441573497628
META,2022-03-04,2,0.7053998708724976,0.7580990000000001,-0.5719022185756741
META,2022-03-08,1,0.679872453212738,0.61626,1.0
META,2022-03-10,4,0.8526833653450012,0.6685745,0.0
META,2022-03-11,3,0.7250118851661682,0.912284,-0.36538329438347417
META,2022-03-12,1,0.812530517578125,1.0,-1.0
META,2022-03-14,1,0.5638226866722107,0.62496,0.0
META,2022-03-15,1,0.7554270029067993,0.883983,1.0
META,2022-03-17,3,0.6738476753234863,0.5821946666666666,0.34103770560133384
META,2022-03-22,1,0.9599764347076416,0.98892,-1.0
META,2022-03-23,1,0.8813290596008301,0.701625,0.0
META,2022-03-25,1,0.8975412249565125,0.623955,0.0
META,2022-03-28,1,0.9357463717460632,0.701239,-1.0
META,2022-03-29,4,0.8193309009075165,0.89060525,0.8014614218813554
META,2022-03-30,3,0.7771643400192261,0.8830796666666667,0.0
META,2022-03-31,2,0.7367158234119415,0.6786555000000001,0.0
META,2022-04-04,4,0.9153876751661301,0.73226925,-0.02467569135260013
META,2022-04-05,3,0.9404388864835104,0.9047563333333333,-0.3684233213436104
META,2022-04-08,2,0.6242810189723969,0.856766,0.5835899183674422
META,2022-04-10,1,0.9317165017127991,0.872629,0.0
META,2022-04-11,2,0.8711592555046082,0.8309150000000001,0.0
META,2022-04-12,1,0.9222069382667542,0.732132,0.0
META,2022-04-13,2,0.896982878446579,0.6434815,0.0
META,2022-04-18,1,0.9475426077842712,0.580783,0.0
META,2022-04-20,1,0.9643149971961975,0.72624,-1.0
META,2022-04-21,2,0.7509873807430267,0.6274345,0.5102468863283737
META,2022-04-23,1,0.9502646923065186,0.600081,0.0
META,2022-04-25,1,0.7450677156448364,0.743879,0.0
META,2022-04-26,4,0.8155017346143723,0.746402,-0.5972337962652834
META,2022-04-27,2,0.7861803770065308,0.680485,0.0
META,2022-04-28,1,0.5345126390457153,0.725542,1.0
META,2022-04-29,2,0.7622880339622498,0.671945,-0.5227950204257789
META,2022-05-02,1,0.719434916973114,0.846485,-1.0
META,2022-05-03,1,0.9083822965621948,0.974613,-1.0
META,2022-05-04,3,0.8145081003506979,0.7806583333333333,-0.4269900404573063
META,2022-05-05,4,0.9318694472312927,0.7623315,-0.5814570170588517
META,2022-05-06,2,0.695517361164093,0.832998,0.0
META,2022-05-08,1,0.6169832348823547,1.0,1.0
META,2022-05-09,2,0.7827942967414856,0.693302,-0.4945261949338095
META,2022-05-10,2,0.9221080839633942,0.8012705,0.0
META,2022-05-11,1,0.6560221910476685,0.816688,1.0
META,2022-05-12,2,0.6977574229240417,0.619192,0.4876015839997933
META,2022-05-17,1,0.9716562032699585,0.611815,-1.0
META,2022-05-18,2,0.7105086743831635,0.626112,-0.515237689103547
META,2022-05-19,1,0.8978863954544067,0.731416,0.0
META,2022-05-20,1,0.9031215310096741,0.722263,0.0
META,2022-05-22,1,0.771227240562439,0.851117,0.0
META,2022-05-23,2,0.6358360201120377,0.902001,0.0
META,2022-05-24,1,0.8869240283966064,0.882354,0.0
META,2022-05-25,3,0.9163199861844381,0.8450696666666667,0.2872603402717488
META,2022-05-26,1,0.900829017162323,0.631675,0.0
META,2022-05-27,2,0.7629995942115784,0.7897685,0.0
META,2022-05-31,4,0.8799692988395691,0.909106,0.1750136947726668
META,2022-06-01,5,0.8224493980407714,0.9420398000000001,0.0
META,2022-06-03,2,0.5865960121154785,0.6831065000000001,0.0
META,2022-06-06,1,0.9145467877388,1.0,0.0
META,2022-06-09,3,0.9204699993133545,0.9059706666666667,0.0
META,2022-06-10,5,0.8472754120826721,0.7518228,-0.4028813704505902
META,2022-06-12,1,0.902886688709259,1.0,0.0
META,2022-06-13,2,0.8320621252059937,0.8183549999999999,-0.22196357326588095
META,2022-06-14,1,0.6225990056991577,0.8313,0.0
META,2022-06-15,1,0.9311409592628479,0.618172,0.0
META,2022-06-17,1,0.7115567922592163,0.613727,1.0
META,2022-06-20,1,0.6220806241035461,0.623093,0.0
META,2022-06-23,1,0.9365940093994141,1.0,-1.0
META,2022-06-24,1,0.8715980052947998,0.649597,0.0
META,2022-06-25,1,0.8473765850067139,0.804338,0.0
META,2022-06-27,1,0.6904116868972778,0.625582,0.0
META,2022-06-28,1,0.8790677785873413,1.0,-1.0
META,2022-06-29,1,0.8974970579147339,0.826896,0.0
META,2022-06-30,1,0.763266384601593,0.608185,-1.0
META,2026-07-15,5,0.8368161916732788,0.8324300000000001,0.24026044231947427
META,2026-07-16,5,0.9274007678031921,0.8050402,-0.17595841797713951
META,2026-07-17,4,0.8924741744995117,0.9018545,-0.22256666679602974
META,2026-07-18,3,0.9156671563784281,0.7710319999999999,0.0
META,2026-07-19,3,0.9353487491607666,0.8763503333333333,0.0
META,2026-07-20,6,0.7731089293956757,0.8966288333333333,0.3221403579667767
META,2026-07-21,8,0.832515574991703,0.855120125,0.36987434952486936
META,2026-07-22,6,0.8900604844093323,0.8650316666666668,0.2862444342114643
META,2026-07-23,4,0.9475536942481995,0.8514937499999999,-0.5002635075125332
META,2026-07-24,13,0.8504224694692172,0.8663993846153846,-0.07029135257571743
META,2026-07-25,6,0.9216966032981873,0.8112008333333334,-0.18636178258363886
META,2026-07-26,3,0.8093985915184021,0.8301666666666666,0.299086528809476
META,2026-07-27,7,0.755330217736108,0.8348099999999999,-0.4544481464559087
META,2026-07-28,14,0.860198729804584,0.899188642857143,0.30208733412923605
META,2026-07-29,8,0.7907564863562584,0.94068675,-0.000505481766379726
META,2026-07-30,19,0.746099591255188,0.9103081578947368,-0.1435801236770313
META,2026-07-31,12,0.8265602538983027,0.9091373333333334,0.25329882320676156
META,2026-08-01,3,0.8907668391863505,0.9555453333333334,0.0217153485827988
META,2026-08-02,4,0.8754436373710632,0.76920725,0.27148600068447093
META,2026-08-03,9,0.9150500893592834,0.8053232222222222,-0.3619209347137223
META,2026-08-04,5,0.7876124739646911,0.9140896,0.38406278771796554
META,2026-08-05,6,0.8276305347681046,0.9085571666666666,0.01719117655961111
META,2026-08-06,10,0.815614914894104,0.8276212,-0.008278062475924976
META,2026-08-07,4,0.8347874283790588,0.80209,-0.22256511114712813
META,2026-08-08,4,0.925816148519516,0.72000625,0.0
META,2026-08-09,4,0.8484519720077515,0.87233,-0.2643110978643403
META,2026-08-10,8,0.7497096583247185,0.92430525,0.11832103084992755
META,2026-08-11,5,0.913091778755188,0.8282646,0.17963703869512232
META,2026-08-12,4,0.8026810139417648,0.83237825,0.0
META,2026-08-13,4,0.9362222403287888,0.7822655000000001,0.4564751353600536
META,2026-08-14,7,0.8117550781794957,0.8369638571428571,-0.2919328996456068
META,2026-08-15,6,0.7774487932523092,0.8231078333333334,-0.4049692152526795
META,2026-08-16,2,0.9367213845252991,0.8426290000000001,0.44384183311991393
META,2026-08-17,6,0.7697477440039316,0.850419,-0.019462562964060452
META,2026-08-18,14,0.872006220476968,0.8939128571428572,-0.1634483386843396
META,2026-08-19,11,0.8308335271748629,0.9426258181818181,0.07115056933803098
META,2026-08-20,8,0.8293646089732647,0.950588125,-0.13149754000977026
META,2026-08-21,5,0.8714571237564087,0.8777480000000001,0.27434024344116986
META,2026-08-22,2,0.9048835635185242,0.951436,0.0
META,2026-08-23,4,0.8358802646398544,0.92853125,0.0
META,2026-08-24,3,0.9091475407282511,0.8803673333333334,-0.33656291956917983
META,2026-08-26,4,0.8237906098365784,0.93194425,-0.07302555920056376
META,2026-08-27,1,0.6324877738952637,0.95724,1.0
META,2026-08-28,4,0.6957738101482391,0.9328315,0.2680012413817501
META,2026-08-29,2,0.7511638700962067,0.992791,0.0
META,2026-08-30,1,0.9375643134117126,1.0,0.0
META,2026-08-31,2,0.773301750421524,0.9502459999999999,-0.5261795366673472
META,2026-09-02,3,0.8822831511497498,0.896152,0.10599578345340226
META,2026-09-03,3,0.769902229309082,1.0,1.0
META,2026-09-04,1,0.9413692355155945,0.996972,1.0
META,2026-09-05,1,0.9438755512237549,0.807867,-1.0
MSFT,2022-01-03,1,0.8945614695549011,0.621601,0.0
MSFT,2022-01-04,5,0.8069658398628234,0.6277984,0.0
MSFT,2022-01-05,9,0.8289067811436124,0.6875582222222222,-0.0033842790525699345
MSFT,2022-01-06,6,0.8584233125050863,0.6218163333333333,0.0
MSFT,2022-01-07,1,0.905644953250885,0.630942,0.0
MSFT,2022-01-09,1,0.9293122291564941,0.625717,0.0
MSFT,2022-01-10,5,0.849505627155304,0.7549638,0.42621301842551923
MSFT,2022-01-12,7,0.8202565397535052,0.7552361428571429,0.1891555961777707
MSFT,2022-01-13,3,0.8517090280850729,0.6788463333333333,0.3112849790747931
MSFT,2022-01-14,1,0.7349488735198975,0.71741,0.0
MSFT,2022-01-17,1,0.8904238939285278,0.700692,0.0
MSFT,2022-01-18,6,0.8019660512606303,0.818699,-0.1305369861206622
MSFT,2022-01-19,9,0.8033897810512118,0.7136046666666667,0.26682529791627546
MSFT,2022-01-20,3,0.8720535635948181,0.6463403333333333,0.36843592720243873
MSFT,2022-01-21,3,0.8076839447021484,0.8823766666666666,0.3777676200262171
MSFT,2022-01-23,3,0.9098194440205892,0.6086173333333333,0.0
MSFT,2022-01-24,2,0.8719678819179535,1.0,1.0
MSFT,2022-01-25,2,0.5827887058258057,0.8081395,0.23741012535583272
MSFT,2022-01-26,2,0.5383050441741943,0.7662340000000001,0.3913217111221898
MSFT,2022-01-27,4,0.874970406293869,0.6451225,-0.5186053811485415
MSFT,2022-01-28,6,0.8256851534048716,0.6265618333333334,0.1968467597372007
MSFT,2022-01-31,4,0.8445977866649628,0.71646475,0.21564878104610172
MSFT,2022-02-01,6,0.7537889083226522,0.7528113333333333,0.13995494222988142
MSFT,2022-02-02,3,0.7558900415897369,0.6551680000000001,0.0
MSFT,2022-02-03,4,0.8847861140966415,0.62901875,-0.001094164522122753
MSFT,2022-02-04,6,0.8691714505354563,0.6826483333333333,0.4688153246303001
MSFT,2022-02-05,2,0.8075950443744659,0.605317,0.0
MSFT,2022-02-06,1,0.8578377962112427,0.739192,-1.0
MSFT,2022-02-07,3,0.8330327471097311,0.6968033333333333,0.6957740347587316
MSFT,2022-02-08,3,0.8669319947560629,0.6328296666666667,0.3042788238435935
MSFT,2022-02-09,1,0.6704075336456299,0.63207,0.0
MSFT,2022-02-10,6,0.832631895939509,0.71327,0.3795098630252219
MSFT,2022-02-11,7,0.8246949655669076,0.7627198571428571,0.12084646693908774
MSFT,2022-02-14,4,0.7279645651578903,0.8072699999999999,0.30968573092026214
MSFT,2022-02-15,9,0.8085659941037496,0.6669955555555556,0.36306455481962235
MSFT,2022-02-16,3,0.8985727826754252,0.6977380000000001,0.0
MSFT,2022-02-17,7,0.8217498319489616,0.6605362857142857,0.2718777858856678
MSFT,2022-02-18,4,0.8108301907777786,0.7215395,-0.4648733714509046
MSFT,2022-02-21,2,0.9033637642860413,0.599996,0.0
MSFT,2022-02-22,6,0.8003866374492645,0.7035201666666667,0.21780541235373257
MSFT,2022-02-23,3,0.8902741273244222,0.8604086666666667,0.34018137117788216
MSFT,2022-02-24,7,0.8458212869507926,0.6939388571428572,0.0
MSFT,2022-02-25,4,0.8297103494405746,0.68550075,0.23488814563660215
MSFT,2022-02-26,1,0.9159948229789734,0.615568,0.0
MSFT,2022-02-28,9,0.8145271506574419,0.6906846666666666,0.005047648372098409
MSFT,2022-03-01,1,0.7910558581352234,0.901629,1.0
MSFT,2022-03-02,7,0.726708152464458,0.7244511428571428,-0.048566027719901456
MSFT,2022-03-03,2,0.8747044801712036,0.6421705,0.0
MSFT,2022-03-04,10,0.7919157922267914,0.8142137999999999,-0.3267450146386613
MSFT,2022-03-07,4,0.6968690752983093,0.7153240000000001,0.09064039512165113
MSFT,2022-03-08,6,0.803282211224238,0.6645053333333334,-0.3140004895872418
MSFT,2022-03-09,3,0.9292282263437907,0.6253473333333334,-0.6763356044267665
MSFT,2022-03-10,6,0.8235263824462891,0.6384545,0.0
MSFT,2022-03-11,7,0.8287658435957772,0.6333848571428572,0.0
MSFT,2022-03-14,2,0.7798140048980713,0.819022,0.5548947403122261
MSFT,2022-03-15,9,0.8337223529815674,0.6892122222222222,-0.19499138307665273
MSFT,2022-03-16,7,0.8024908815111432,0.7920611428571428,0.19995480146915065
MSFT,2022-03-17,3,0.7911027669906616,0.742779,0.448765155360253
MSFT,2022-03-19,1,0.7128994464874268,0.646281,0.0
MSFT,2022-03-21,6,0.9030676484107971,0.7821521666666666,-0.07568880991401289
MSFT,2022-03-22,10,0.7285281777381897,0.7091320999999999,-0.02319722940196898
MSFT,2022-03-23,6,0.8324678341547648,0.6703415,0.15132262187755546
MSFT,2022-03-24,6,0.7623443404833475,0.6712303333333334,-0.08394932489642155
MSFT,2022-03-25,5,0.8063790440559387,0.634235,0.39970137251964966
MSFT,2022-03-28,8,0.896092414855957,0.732053,-0.10860159715211878
MSFT,2022-03-29,3,0.5859992106755575,0.756681,0.28421003478788726
MSFT,2022-03-30,7,0.8115939668246678,0.7149165714285715,0.30760072703788016
MSFT,2022-03-31,4,0.8316192626953125,0.83058425,0.006881300722954937
MSFT,2022-04-01,6,0.7294971644878387,0.803381,-0.011396834129759103
MSFT,2022-04-02,1,0.9091736674308777,0.614941,0.0
MSFT,2022-04-04,8,0.8463173136115074,0.65462675,0.2373186323351436
MSFT,2022-04-05,7,0.8252623081207275,0.6705854285714287,0.12980960346375384
MSFT,2022-04-06,3,0.8989870349566141,0.7587966666666667,0.7200303990089572
MSFT,2022-04-07,3,0.8014529347419739,0.6126763333333334,0.024447927644231933
MSFT,2022-04-08,3,0.761353333791097,0.613152,0.3433536871770785
MSFT,2022-04-09,1,0.930742621421814,0.629065,0.0
MSFT,2022-04-10,1,0.9317165017127991,0.66704,0.0
MSFT,2022-04-11,11,0.8325573585250161,0.6657517272727272,0.233103822896578
MSFT,2022-04-12,6,0.8410888016223907,0.6749748333333333,0.2267052425905262
MSFT,2022-04-13,5,0.8555072546005249,0.621996,0.0
MSFT,2022-04-14,3,0.8720524311065674,0.903581,0.36890254812057066
MSFT,2022-04-18,5,0.8972322463989257,0.6213992,0.010641468479521684
MSFT,2022-04-19,6,0.8061146040757498,0.742785,-0.015263950313123345
MSFT,2022-04-20,4,0.8643862158060074,0.70182875,-0.44886448439166965
MSFT,2022-04-21,2,0.5659953057765961,0.615687,-0.005964069405395938
MSFT,2022-04-22,6,0.8004550437132517,0.7707313333333333,0.34027248578622726
MSFT,2022-04-25,5,0.871916389465332,0.6105012000000001,0.0
MSFT,2022-04-26,5,0.8985151529312134,0.8286315999999999,0.46498974936509785
MSFT,2022-04-27,4,0.8912336230278015,0.675414,0.0038198793628796547
MSFT,2022-04-28,6,0.832985003789266,0.65731,0.14883844761223777
MSFT,2022-04-29,8,0.9091619402170181,0.727841375,-0.24163661347226928
MSFT,2022-04-30,1,0.9495295286178589,0.918033,1.0
MSFT,2022-05-01,1,0.8918392658233643,0.743849,0.0
MSFT,2022-05-02,2,0.7122383564710617,0.8116765,0.0
MSFT,2022-05-03,5,0.8844037652015686,0.7083236,0.2823568210913769
MSFT,2022-05-04,5,0.7269677996635437,0.7323656,0.0
MSFT,2022-05-05,6,0.8587480584780375,0.68088,-0.1522032761524302
MSFT,2022-05-06,3,0.7718602220217387,0.7414543333333333,0.0873926602807186
MSFT,2022-05-07,1,0.46198636293411255,0.574072,1.0
MSFT,2022-05-08,1,0.6169832348823547,0.626279,1.0
MSFT,2022-05-09,6,0.8191958367824554,0.6276246666666666,0.16594896950088003
MSFT,2022-05-10,6,0.7633107602596283,0.6873621666666666,0.09071079220003622
MSFT,2022-05-11,11,0.8561726808547974,0.614395,-0.21181916578689014
MSFT,2022-05-12,2,0.8475769460201263,0.603723,0.5054925851756518
MSFT,2022-05-13,4,0.8627905398607254,0.61359775,0.25788637588713453
MSFT,2022-05-16,9,0.7963402271270752,0.653811,-0.06519349203702939
MSFT,2022-05-17,2,0.6624124646186829,0.8032475,0.0
MSFT,2022-05-18,7,0.8195757780756269,0.7313947142857142,0.3219649034535388
MSFT,2022-05-19,7,0.8291291764804295,0.6762777142857143,0.40052924157953707
MSFT,2022-05-20,7,0.8547249266079494,0.6708,-0.2625072408211943
MSFT,2022-05-21,1,0.7049379348754883,0.82275,1.0
MSFT,2022-05-23,7,0.750170281955174,0.6793068571428572,0.0
MSFT,2022-05-24,3,0.8967428604761759,0.7153853333333333,0.2804991808610371
MSFT,2022-05-25,3,0.884554406007131,0.6121223333333333,0.34214130399860154
MSFT,2022-05-26,6,0.8874398767948151,0.6442598333333334,0.16500019790151954
MSFT,2022-05-27,5,0.8610455632209778,0.6465904,0.22220125755037498
MSFT,2022-05-30,1,0.9364991784095764,0.578104,0.0
MSFT,2022-05-31,4,0.9004386365413666,0.772416,-0.20645286995608586
MSFT,2022-06-01,7,0.8314088753291539,0.7773424285714287,0.18377633537858015
MSFT,2022-06-02,5,0.8379836082458496,0.8722989999999999,0.06247261546786137
MSFT,2022-06-03,5,0.8493986845016479,0.7723218000000001,0.0
MSFT,2022-06-06,3,0.7450819611549377,0.7442553333333333,0.16758361601708377
MSFT,2022-06-07,6,0.7885168095429739,0.7462193333333333,0.12171131097291325
MSFT,2022-06-08,5,0.8042084813117981,0.7185436000000001,0.17987996831368339
MSFT,2022-06-09,7,0.8334216901234218,0.6440602857142856,-0.004006279802556175
MSFT,2022-06-10,2,0.8993038833141327,0.678636,0.0
MSFT,2022-06-12,1,0.7816243171691895,0.636352,0.0
MSFT,2022-06-13,2,0.8593252003192902,0.6197765,-0.0008559537188003173
MSFT,2022-06-14,4,0.8012999147176743,0.68222725,0.5710707099430579
MSFT,2022-06-15,4,0.7718464583158493,0.6930117499999999,0.3251427555160501
MSFT,2022-06-16,4,0.8077264279127121,0.72818,0.0670002609244967
MSFT,2022-06-17,3,0.7857774098714193,0.601538,-0.3372571641359316
MSFT,2022-06-20,4,0.790332242846489,0.7280610000000001,0.0
MSFT,2022-06-21,5,0.8460635662078857,0.8196916,-0.22255809380015606
MSFT,2022-06-22,4,0.7344614118337631,0.682912,0.5423539196851133
MSFT,2022-06-23,4,0.7890080511569977,0.80600275,-0.2846702446114483
MSFT,2022-06-24,1,0.9243406653404236,0.702053,0.0
MSFT,2022-06-25,1,0.8473765850067139,0.583082,0.0
MSFT,2022-06-27,5,0.763279402256012,0.7174474,0.2351442070875161
MSFT,2022-06-28,7,0.8536716018404279,0.7186091428571428,0.0
MSFT,2022-06-29,7,0.7704699890954154,0.7231328571428571,0.13882175375795397
MSFT,2022-06-30,5,0.7682934284210206,0.5955896,0.0
MSFT,2026-08-14,4,0.7223915755748749,0.87108725,0.5471228628360707
MSFT,2026-08-15,7,0.8301644410405841,0.8970162857142857,0.025860495604953182
MSFT,2026-08-16,10,0.9225100040435791,0.9396888999999999,0.10641819861871307
MSFT,2026-08-17,19,0.8485193221192611,0.8551828947368421,-0.009822767982841468
MSFT,2026-08-18,16,0.8275682888925076,0.9297121875,0.11926890008635066
MSFT,2026-08-19,21,0.8198056448073614,0.8756726190476191,0.12433011358615487
MSFT,2026-08-20,11,0.8723002888939597,0.9531808181818182,0.07004327806161742
MSFT,2026-08-21,18,0.8319851358731588,0.9058705555555555,-0.13777992563323066
MSFT,2026-08-22,7,0.8558993424688067,0.8130545714285714,-0.2515638556680961
MSFT,2026-08-23,7,0.8711835997445243,0.8481411428571429,0.25068502749205485
MSFT,2026-08-24,17,0.8062449343064252,0.8597291764705882,-0.04431121811547221
MSFT,2026-08-25,15,0.8533490697542826,0.9026341999999999,0.02051802010899506
MSFT,2026-08-26,10,0.8885690748691559,0.9193005,-0.4109447346107177
MSFT,2026-08-27,1,0.9289392232894897,0.716917,0.0
MSFT,2026-08-28,5,0.8633984446525573,0.8854331999999999,0.1984359746167187
MSFT,2026-08-29,4,0.8310791254043579,1.0,0.0
MSFT,2026-08-30,1,0.8754674196243286,1.0,0.0
MSFT,2026-08-31,3,0.8829207619031271,0.81269,0.30010705188940434
MSFT,2026-09-01,17,0.8673039499451133,0.9146418823529412,-0.11332207681154798
MSFT,2026-09-02,11,0.7883850932121277,0.9972320909090908,-0.002775591676342692
MSFT,2026-09-03,12,0.8069405754407247,0.9706705833333333,0.17170260387857295
MSFT,2026-09-04,5,0.7593022584915161,0.8865071999999999,0.2256044846561878
MSFT,2026-09-05,4,0.8144449293613434,0.9369925,-0.214172205220426
MSFT,2026-09-06,1,0.8191030621528625,0.974882,-1.0
NVDA,2022-01-04,2,0.7686274945735931,0.6839045,0.0
NVDA,2022-01-05,3,0.6664969126383463,0.6142666666666666,0.0
NVDA,2022-01-06,4,0.788000613451004,0.76431175,0.0
NVDA,2022-01-07,3,0.7616233428319296,0.6138033333333334,0.3173073894461309
NVDA,2022-01-10,3,0.8411113421122233,0.9507103333333333,0.0
NVDA,2022-01-11,4,0.6583371981978416,0.7523405,0.5666752620655143
NVDA,2022-01-12,1,0.9294601082801819,1.0,0.0
NVDA,2022-01-13,1,0.938605546951294,0.615807,0.0
NVDA,2022-01-14,4,0.8231577575206757,0.6970292499999999,0.22148568370696065
NVDA,2022-01-18,2,0.8561793863773346,1.0,1.0
NVDA,2022-01-19,1,0.5337365865707397,0.945014,1.0
NVDA,2022-01-20,4,0.847782701253891,0.87786125,0.4818554754524135
NVDA,2022-01-21,4,0.6536551937460899,0.7066295,0.22785809253647066
NVDA,2022-01-24,2,0.7828915417194366,0.6591135,0.5366996731215489
NVDA,2022-01-25,2,0.7517460584640503,0.799627,-0.6252915421815421
NVDA,2022-01-27,4,0.9033819139003754,0.87805225,0.24671083070512037
NVDA,2022-01-28,2,0.8417544960975647,0.648891,0.0
NVDA,2022-02-01,1,0.6738566160202026,0.61422,0.0
NVDA,2022-02-02,1,0.6166266202926636,0.945241,1.0
NVDA,2022-02-03,1,0.9665064215660095,0.810423,-1.0
NVDA,2022-02-04,2,0.7529758214950562,0.6242225,1.0
NVDA,2022-02-05,1,0.9221135377883911,0.91788,0.0
NVDA,2022-02-07,1,0.9266634583473206,0.587717,0.0
NVDA,2022-02-08,7,0.825560450553894,1.0,0.0
NVDA,2022-02-09,2,0.6171211898326874,0.9129715,-0.5476622216575215
NVDA,2022-02-10,1,0.9332219362258911,0.632889,0.0
NVDA,2022-02-14,5,0.8631199955940246,0.6194368,0.19543527281556408
NVDA,2022-02-15,2,0.8736259043216705,0.585475,0.471552158503779
NVDA,2022-02-16,5,0.886908209323883,0.9376,0.6399317406143346
NVDA,2022-02-17,1,0.9481996893882751,1.0,1.0
NVDA,2022-02-18,1,0.854340672492981,0.716763,0.0
NVDA,2022-02-19,1,0.7955875396728516,0.860293,1.0
NVDA,2022-02-21,2,0.8074239194393158,0.6296725000000001,0.0
NVDA,2022-02-22,2,0.788701206445694,0.6791944999999999,0.5394758055314053
NVDA,2022-02-23,1,0.9260368943214417,0.609469,0.0
NVDA,2022-02-24,1,0.9398167729377747,0.602588,0.0
NVDA,2022-02-25,4,0.8525098115205765,0.6527985000000001,0.2821839357780387
NVDA,2022-02-28,2,0.902953028678894,0.6488635,-0.43633059957911025
NVDA,2022-03-01,1,0.6240041255950928,1.0,-1.0
NVDA,2022-03-02,1,0.4904201328754425,0.648586,-1.0
NVDA,2022-03-03,1,0.8789801597595215,1.0,-1.0
NVDA,2022-03-04,1,0.9307435154914856,0.561658,0.0
NVDA,2022-03-07,1,0.7548347115516663,0.602781,1.0
NVDA,2022-03-08,1,0.7283621430397034,1.0,0.0
NVDA,2022-03-09,1,0.7428808212280273,0.58353,0.0
NVDA,2022-03-10,4,0.8503748774528503,0.83639575,-0.18847208393873355
NVDA,2022-03-11,3,0.8381701111793518,0.7660953333333334,0.271553670866028
NVDA,2022-03-13,1,0.9143432378768921,0.598271,0.0
NVDA,2022-03-14,1,0.8206467032432556,0.624,-1.0
NVDA,2022-03-15,2,0.8468872904777527,0.643602,0.502322087252681
NVDA,2022-03-16,1,0.9430205225944519,0.603073,0.0
NVDA,2022-03-17,2,0.8279579281806946,0.8144905,1.0
NVDA,2022-03-18,2,0.7586345374584198,0.6275155,-0.5009151168377514
NVDA,2022-03-22,14,0.7511775749070304,0.9726230714285714,0.351428533869713
NVDA,2022-03-23,2,0.7592924237251282,0.7913825000000001,0.40416107255341127
NVDA,2022-03-24,6,0.7231337825457255,0.8904581666666668,-0.1451322156440439
NVDA,2022-03-28,1,0.8421028256416321,0.613011,0.0
NVDA,2022-03-30,2,0.9292804896831512,0.7825774999999999,0.0
NVDA,2022-04-01,1,0.9084024429321289,0.608549,0.0
NVDA,2022-04-04,2,0.8478731215000153,0.864209,0.0
NVDA,2022-04-05,4,0.8124372065067291,0.61287375,0.24908922922543184
NVDA,2022-04-06,1,0.7871833443641663,0.597489,0.0
NVDA,2022-04-07,1,0.9335031509399414,0.646639,0.0
NVDA,2022-04-08,2,0.7440053820610046,0.8136155,0.38545910199596733
NVDA,2022-04-11,1,0.8866841793060303,0.729369,0.0
NVDA,2022-04-12,5,0.7713241577148438,0.7837754,0.2997131576214308
NVDA,2022-04-13,1,0.801652729511261,0.999001,0.0
NVDA,2022-04-14,1,0.9682198166847229,0.638449,-1.0
NVDA,2022-04-19,1,0.6760571599006653,0.618169,1.0
NVDA,2022-04-20,1,0.6025130152702332,1.0,1.0
NVDA,2022-04-21,1,0.9236853122711182,0.634702,0.0
NVDA,2022-04-22,2,0.7444732189178467,0.874581,0.0
NVDA,2022-04-26,1,0.7331629395484924,0.60393,-1.0
NVDA,2022-04-27,2,0.8491228222846985,0.7418914999999999,0.0
NVDA,2022-04-28,1,0.827345609664917,0.625665,0.0
NVDA,2022-04-29,1,0.886706531047821,0.954584,0.0
NVDA,2022-05-03,2,0.8336772322654724,0.6248505,0.0
NVDA,2022-05-05,2,0.8366067111492157,0.6744775000000001,0.5332238658813674
NVDA,2022-05-06,3,0.9626147945721945,1.0,-1.0
NVDA,2022-05-09,1,0.959136426448822,1.0,-1.0
NVDA,2022-05-10,5,0.7678385138511657,0.724913,0.5006675283792675
NVDA,2022-05-11,1,0.738795280456543,0.605712,0.0
NVDA,2022-05-12,3,0.8519029021263123,0.6634816666666666,0.34978610310759656
NVDA,2022-05-13,3,0.8711374203364054,0.846546,0.0
NVDA,2022-05-14,1,0.935512125492096,0.822269,0.0
NVDA,2022-05-15,1,0.8806281089782715,0.815055,0.0
NVDA,2022-05-17,4,0.9457029551267624,0.61365725,0.0
NVDA,2022-05-18,3,0.8961127003033956,0.6193183333333333,0.3043017726478843
NVDA,2022-05-19,3,0.9281656344731649,0.6585476666666666,-0.3163678863033453
NVDA,2022-05-20,2,0.8151917457580566,0.7544915000000001,0.0
NVDA,2022-05-23,1,0.5951263308525085,1.0,0.0
NVDA,2022-05-24,2,0.7911677658557892,0.8174575,0.0
NVDA,2022-05-25,4,0.8943392038345337,0.80868,-0.11362034426472772
NVDA,2022-05-26,3,0.8060895601908366,0.8807293333333334,0.0
NVDA,2022-05-27,1,0.881263017654419,0.813522,0.0
NVDA,2022-05-30,1,0.889391303062439,1.0,1.0
NVDA,2022-05-31,1,0.7981859445571899,1.0,0.0
NVDA,2022-06-01,1,0.6284565329551697,1.0,0.0
NVDA,2022-06-02,1,0.9012731313705444,0.63961,0.0
NVDA,2022-06-03,1,0.7921193242073059,0.892204,0.0
NVDA,2022-06-06,4,0.8554941564798355,0.8012105,0.0
NVDA,2022-06-07,2,0.8152472972869873,0.8123895,0.0
NVDA,2022-06-08,1,0.9175348281860352,0.620146,0.0
NVDA,2022-06-09,1,0.8688170313835144,1.0,1.0
NVDA,2022-06-10,4,0.8157934695482254,0.65798625,-0.22957014679258114
NVDA,2022-06-13,4,0.8825037181377411,0.7187067500000001,-0.04043895510929875
NVDA,2022-06-14,1,0.6900304555892944,0.760355,0.0
NVDA,2022-06-15,1,0.9160345196723938,1.0,0.0
NVDA,2022-06-17,1,0.9461725950241089,0.615046,0.0
NVDA,2022-06-19,1,0.8980438709259033,1.0,0.0
NVDA,2022-06-20,2,0.892768919467926,0.6707734999999999,-0.0873446849048151
NVDA,2022-06-21,3,0.7926336328188578,0.76371,0.0
NVDA,2022-06-23,2,0.7904675304889679,0.7161785,0.0
NVDA,2022-06-24,4,0.8966754674911499,0.714378,-0.00395553894436841
NVDA,2022-06-27,2,0.8953006267547607,0.7665204999999999,0.0
NVDA,2022-06-29,2,0.6761840879917145,0.8775904999999999,0.5697418101039152
NVDA,2026-08-22,11,0.8513916730880737,0.8365407272727272,-0.22860333485909723
NVDA,2026-08-23,11,0.8966896696524187,0.8540416363636364,0.3954860408125727
NVDA,2026-08-24,40,0.8174446001648903,0.890797575,-0.09168174374520496
NVDA,2026-08-25,42,0.7883970283326649,0.8765246666666667,0.3514606222474493
NVDA,2026-08-26,18,0.7629780173301697,0.9162461666666667,-0.12122063751547606
NVDA,2026-08-27,10,0.9016003429889679,0.8793330000000001,0.19378108179722586
NVDA,2026-08-28,9,0.8323308229446411,0.905656,0.12268577816644631
NVDA,2026-08-29,3,0.8409014741579691,0.8505786666666667,0.33244504917436596
NVDA,2026-08-30,7,0.8719322170530047,0.8406362857142857,-0.1209502190007773
NVDA,2026-08-31,7,0.8745430622782026,0.8407162857142857,0.12724047895213164
NVDA,2026-09-01,17,0.8241718446507174,0.895483705882353,0.19844595326495576
NVDA,2026-09-02,26,0.7705433414532588,0.8285561923076923,0.29998113957360767
NVDA,2026-09-03,30,0.8361954172452291,0.8489294666666667,0.007043184270825176
NVDA,2026-09-04,15,0.8854572176933289,0.8899963999999999,0.21443165388084717
NVDA,2026-09-05,4,0.7672895267605782,0.79343025,-0.3150875581060843
NVDA,2026-09-06,5,0.9102209568023681,0.9461926,0.1545061755925802
NVDA,2026-09-07,5,0.794914722442627,0.8800053999999999,-0.04457609010126529
ORCL,2022-01-06,2,0.8668764531612396,0.615437,0.0
ORCL,2022-01-07,1,0.877718985080719,0.667907,0.0
ORCL,2022-01-10,3,0.9221710562705994,0.7441106666666667,0.4479620414884524
ORCL,2022-01-11,1,0.8953574895858765,0.719074,0.0
ORCL,2022-01-13,1,0.9052072167396545,0.742056,0.0
ORCL,2022-01-19,3,0.6521424055099487,1.0,0.6666666666666666
ORCL,2022-01-20,1,0.7519816756248474,1.0,1.0
ORCL,2022-01-21,1,0.9335451722145081,0.839355,0.0
ORCL,2022-01-24,2,0.7178375422954559,0.9177365,-0.5448186925114126
ORCL,2022-01-28,1,0.8513637781143188,1.0,0.0
ORCL,2022-01-31,1,0.7107976675033569,0.588865,0.0
ORCL,2022-02-03,1,0.9154328107833862,1.0,0.0
ORCL,2022-02-09,1,0.8931558132171631,1.0,1.0
ORCL,2022-02-10,3,0.8855161070823669,0.87961,0.0
ORCL,2022-02-11,1,0.9032461643218994,0.967835,0.0
ORCL,2022-02-14,2,0.5304062366485596,1.0,0.0
ORCL,2022-02-15,2,0.787453681230545,1.0,0.0
ORCL,2022-02-16,1,0.970325231552124,0.610472,-1.0
ORCL,2022-02-23,1,0.6626630425453186,0.877698,1.0
ORCL,2022-02-28,1,0.9010804295539856,0.576566,0.0
ORCL,2022-03-01,2,0.8983489573001862,0.606187,0.5019474188657955
ORCL,2022-03-02,3,0.8000934918721517,0.8658913333333333,-0.5398391022122099
ORCL,2022-03-03,1,0.7989180088043213,0.624096,1.0
ORCL,2022-03-04,2,0.8353631496429443,0.7163685,-0.4241245950931678
ORCL,2022-03-08,3,0.7579595446586609,0.6117183333333333,-0.6652244633287108
ORCL,2022-03-11,1,0.9161816835403442,1.0,0.0
ORCL,2022-03-13,1,0.8952952027320862,0.618916,0.0
ORCL,2022-03-16,1,0.9413273930549622,0.708527,1.0
ORCL,2022-03-17,1,0.7080998420715332,1.0,1.0
ORCL,2022-03-18,1,0.8440019488334656,1.0,0.0
ORCL,2022-03-19,1,0.8868129253387451,0.566255,-1.0
ORCL,2022-03-22,2,0.5947204530239105,0.6774035,-0.0918824600109093
ORCL,2022-03-28,1,0.9110694527626038,0.621096,0.0
ORCL,2022-03-31,1,0.5307585000991821,0.594755,0.0
ORCL,2022-04-01,1,0.7456310391426086,1.0,-1.0
ORCL,2022-04-04,5,0.8289579510688782,0.6006818,0.42059173425930335
ORCL,2022-04-05,1,0.78422611951828,0.747744,0.0
ORCL,2022-04-06,1,0.671991229057312,0.603096,1.0
ORCL,2022-04-07,1,0.9198175072669983,0.825353,0.0
ORCL,2022-04-08,3,0.8569605946540833,0.8671696666666667,0.0
ORCL,2022-04-11,2,0.8173407018184662,0.72566,1.0
ORCL,2022-04-12,1,0.4925086200237274,1.0,0.0
ORCL,2022-04-15,1,0.7841823697090149,1.0,1.0
ORCL,2022-04-18,2,0.9325084686279297,0.7248265,0.0
ORCL,2022-04-19,1,0.8602142333984375,0.610222,0.0
ORCL,2022-04-20,1,0.8285587430000305,1.0,0.0
ORCL,2022-04-22,1,0.9114236235618591,0.63575,1.0
ORCL,2022-04-26,1,0.8598278760910034,0.649462,0.0
ORCL,2022-04-28,1,0.8433854579925537,0.919165,1.0
ORCL,2022-05-04,2,0.6234917044639587,0.8229825,0.0
ORCL,2022-05-05,1,0.8860855102539062,0.819225,0.0
ORCL,2022-05-06,1,0.8756446838378906,0.88681,0.0
ORCL,2022-05-11,2,0.8008850812911987,0.7231369999999999,0.0
ORCL,2022-05-12,1,0.8261070847511292,0.629791,1.0
ORCL,2022-05-13,1,0.650724470615387,0.912726,1.0
ORCL,2022-05-16,2,0.9118970036506653,0.7094565,0.0
ORCL,2022-05-17,1,0.4269430935382843,0.926488,0.0
ORCL,2022-05-18,1,0.615096926689148,0.649739,1.0
ORCL,2022-05-19,1,0.6672224402427673,1.0,0.0
ORCL,2022-05-20,1,0.8960971236228943,1.0,0.0
ORCL,2022-05-21,1,0.7049379348754883,0.636752,1.0
ORCL,2022-05-24,1,0.9065620303153992,1.0,1.0
ORCL,2022-05-25,1,0.9450300335884094,0.601884,0.0
ORCL,2022-05-27,1,0.8838075399398804,0.594892,0.0
ORCL,2022-06-01,1,0.8466346263885498,1.0,-1.0
ORCL,2022-06-02,1,0.934772253036499,0.619367,0.0
ORCL,2022-06-03,1,0.9268620014190674,0.612768,0.0
ORCL,2022-06-06,1,0.9264318943023682,0.636664,0.0
ORCL,2022-06-07,7,0.7857498611722674,1.0,0.0
ORCL,2022-06-08,1,0.8657897114753723,1.0,0.0
ORCL,2022-06-10,1,0.8680540919303894,0.807077,0.0
ORCL,2022-06-12,2,0.863417774438858,0.8199095000000001,-0.6098234012412345
ORCL,2022-06-13,3,0.8344889680544535,0.863987,0.00696422515616556
ORCL,2022-06-14,2,0.7791398763656616,0.7555755,-0.5980739184899458
ORCL,2022-06-15,2,0.8562102913856506,0.632598,0.0
ORCL,2022-06-16,1,0.8664975762367249,0.643505,1.0
ORCL,2022-06-17,4,0.887874111533165,1.0,0.0
ORCL,2022-06-21,2,0.8564433753490448,0.8120715000000001,-0.3842906689866594
ORCL,2022-06-23,1,0.9435734748840332,0.929179,0.0
ORCL,2022-06-28,1,0.8915070295333862,0.575659,0.0
ORCL,2022-06-29,2,0.8835216760635376,0.605928,0.0
TSLA,2022-01-02,1,0.5618653297424316,1.0,1.0
TSLA,2022-01-03,3,0.7886026302973429,0.8711889999999999,0.765237700047483
TSLA,2022-01-04,5,0.7391197800636291,0.6913248,0.5340201884844866
TSLA,2022-01-05,6,0.866327166557312,0.6087156666666667,0.006087954584159984
TSLA,2022-01-06,4,0.8603242039680481,0.7260085,-0.5676424587315438
TSLA,2022-01-07,5,0.8490271806716919,0.6634548,0.0
TSLA,2022-01-10,2,0.7479651868343353,0.6140805,0.527280218147295
TSLA,2022-01-12,2,0.8031895756721497,0.6783129999999999,-0.5350332368685253
TSLA,2022-01-13,1,0.9460393786430359,0.635203,-1.0
TSLA,2022-01-14,4,0.8321032077074051,0.695818,0.5838922678056618
TSLA,2022-01-16,1,0.5873390436172485,0.764715,0.0
TSLA,2022-01-17,2,0.7011594772338867,0.9435035,0.0
TSLA,2022-01-18,1,0.6443939805030823,0.6483,0.0
TSLA,2022-01-19,2,0.8775154054164886,0.593208,0.5188205486102683
TSLA,2022-01-20,2,0.8563166260719299,0.7752465,-0.39314785684295256
TSLA,2022-01-21,3,0.7090402444203695,0.6276713333333334,0.3409087770988426
TSLA,2022-01-22,1,0.6409960389137268,0.612067,0.0
TSLA,2022-01-24,2,0.8435198962688446,0.6385985000000001,1.0
TSLA,2022-01-25,3,0.7433546185493469,0.699431,0.10576168342552732
TSLA,2022-01-26,4,0.7655686438083649,0.89952625,-0.5558481478444904
TSLA,2022-01-27,4,0.8426169604063034,0.90787,-0.5932677585997996
TSLA,2022-01-28,2,0.6454505622386932,0.8140375,0.569093561414554
TSLA,2022-01-31,1,0.9391140341758728,0.649123,0.0
TSLA,2022-02-01,3,0.8374001781145731,0.9011296666666667,-0.3699060697517079
TSLA,2022-02-02,1,0.9193922281265259,0.616077,1.0
TSLA,2022-02-03,3,0.7934870918591818,0.7493583333333333,-0.44482501695895377
TSLA,2022-02-04,3,0.9243626793225607,0.6701816666666667,-0.31979985526312515
TSLA,2022-02-07,3,0.8907039761543274,1.0,0.0
TSLA,2022-02-08,3,0.747641404469808,0.7341546666666666,0.0
TSLA,2022-02-09,1,0.6704075336456299,0.604787,0.0
TSLA,2022-02-10,8,0.7989528104662895,0.846449875,-0.2234943327270265
TSLA,2022-02-14,3,0.8279716372489929,0.8287056666666667,-0.5977663159054863
TSLA,2022-02-15,1,0.9406141638755798,0.994937,-1.0
TSLA,2022-02-16,1,0.8468444347381592,0.718071,0.0
TSLA,2022-02-17,3,0.7295212944348654,1.0,-1.0
TSLA,2022-02-18,3,0.8736471136411031,0.6864753333333334,-0.29257375598831903
TSLA,2022-02-21,1,0.6106275916099548,0.900811,1.0
TSLA,2022-02-22,1,0.7731755375862122,0.624901,0.0
TSLA,2022-02-23,2,0.8487822413444519,0.637954,0.4367814920825013
TSLA,2022-02-24,3,0.8913117249806722,0.8788583333333334,-0.6207200629604696
TSLA,2022-02-27,2,0.7431754171848297,0.5953495,0.0
TSLA,2022-02-28,2,0.8319695591926575,0.786104,0.0
TSLA,2022-03-01,2,0.9309627115726471,0.6285259999999999,-0.5000723915955745
TSLA,2022-03-02,6,0.8577844301859537,0.6761196666666667,0.0
TSLA,2022-03-03,2,0.9143961071968079,0.611064,0.0
TSLA,2022-03-04,2,0.7173975706100464,0.728712,0.5005166650199255
TSLA,2022-03-07,2,0.7321656048297882,0.7755655,0.0
TSLA,2022-03-08,2,0.7143761515617371,0.7788915000000001,0.0
TSLA,2022-03-09,4,0.8501809984445572,0.69100325,-0.36179279909320256
TSLA,2022-03-10,5,0.7937707304954529,0.6379151999999999,0.1885479449306115
TSLA,2022-03-11,2,0.6696239113807678,0.6505955,0.4501537437624454
TSLA,2022-03-14,2,0.8044911026954651,0.7338145,0.0
TSLA,2022-03-15,2,0.7087332308292389,0.9260714999999999,-0.5399151145456912
TSLA,2022-03-16,2,0.721209704875946,0.778341,0.0
TSLA,2022-03-17,4,0.815275251865387,0.763333,0.21927782501215065
TSLA,2022-03-21,1,0.9381653070449829,0.841548,0.0
TSLA,2022-03-23,2,0.8711491227149963,0.7829575,0.40019094267568806
TSLA,2022-03-24,2,0.815467357635498,0.638169,-0.49095615738150866
TSLA,2022-03-28,3,0.8282827138900757,0.6013556666666666,0.6565848164175722
TSLA,2022-03-29,1,0.8173874616622925,0.599121,0.0
TSLA,2022-03-30,3,0.8573988278706869,0.7911963333333333,-0.03896757189218523
TSLA,2022-03-31,5,0.7186696588993072,0.8577790000000001,-0.55533325017283
TSLA,2022-04-01,4,0.8740097880363464,0.612485,0.006619753953158019
TSLA,2022-04-02,1,0.5979034304618835,0.979739,1.0
TSLA,2022-04-04,3,0.860083818435669,0.8729706666666667,-0.381837954081695
TSLA,2022-04-05,9,0.8738554318745931,0.6789243333333332,0.10273097034704735
TSLA,2022-04-06,3,0.9097195466359457,0.6233836666666667,0.32549991952521484
TSLA,2022-04-07,2,0.8645908534526825,0.6405345,0.0
TSLA,2022-04-09,1,0.9461981058120728,0.748957,-1.0
TSLA,2022-04-11,1,0.908160924911499,0.609058,0.0
TSLA,2022-04-12,3,0.7396880288918813,0.6777373333333333,0.318002254560764
TSLA,2022-04-13,3,0.7915091315905253,0.6968346666666667,1.0
TSLA,2022-04-14,3,0.9154850840568542,0.8212106666666666,-0.40590477798632263
TSLA,2022-04-15,1,0.8830031752586365,0.645293,0.0
TSLA,2022-04-17,1,0.5562629699707031,1.0,-1.0
TSLA,2022-04-18,6,0.8130838374296824,0.7221818333333333,0.0
TSLA,2022-04-19,2,0.9069015383720398,0.9139904999999999,0.0
TSLA,2022-04-20,5,0.7465215802192688,0.721453,0.2739105665926956
TSLA,2022-04-21,5,0.8234022974967956,0.6728212,-0.1635688649525312
TSLA,2022-04-22,1,0.8326834440231323,1.0,0.0
TSLA,2022-04-24,1,0.9222716093063354,0.612783,0.0
TSLA,2022-04-25,5,0.8455744743347168,0.7761326000000001,0.2576879260064582
TSLA,2022-04-26,2,0.8462371230125427,0.8175954999999999,0.3884506458266955
TSLA,2022-04-27,5,0.8383593916893005,0.848859,-0.6188408204424998
TSLA,2022-04-28,3,0.9090297818183899,0.8480653333333333,0.0
TSLA,2022-04-29,5,0.8037295699119568,0.7938494,-0.17784128828465448
TSLA,2022-05-01,2,0.8290589451789856,0.8534185000000001,0.5858790265268446
TSLA,2022-05-02,4,0.8130919635295868,0.7891755,-0.25789954199034304
TSLA,2022-05-03,2,0.8002322912216187,0.6155459999999999,0.0
TSLA,2022-05-04,1,0.9403606057167053,0.811743,0.0
TSLA,2022-05-05,8,0.8079060167074203,0.74746375,0.30415906457002095
TSLA,2022-05-06,3,0.8834968010584513,0.8402083333333333,0.6032729977684106
TSLA,2022-05-08,2,0.8782072961330414,0.796259,0.0
TSLA,2022-05-09,2,0.8597064018249512,0.6539969999999999,0.0
TSLA,2022-05-10,6,0.8877483109633127,0.8879515000000001,-0.37539587841603206
TSLA,2022-05-11,5,0.8753779053688049,0.8943548,-0.44724979392965747
TSLA,2022-05-12,1,0.7789472937583923,0.609866,0.0
TSLA,2022-05-13,4,0.829650267958641,0.7197825,-0.3473271439636279
TSLA,2022-05-14,1,0.9262281060218811,0.934742,0.0
TSLA,2022-05-15,1,0.8835917711257935,0.72929,0.0
TSLA,2022-05-16,2,0.8813906013965607,0.9947254999999999,0.4973487660666184
TSLA,2022-05-17,1,0.9003139138221741,0.614305,1.0
TSLA,2022-05-18,2,0.7913552522659302,0.9676775,-0.5167010703462672
TSLA,2022-05-19,2,0.8649598658084869,0.5967865,-0.5265878165809715
TSLA,2022-05-20,2,0.8701791763305664,0.7638834999999999,0.0
TSLA,2022-05-21,1,0.502809464931488,1.0,0.0
TSLA,2022-05-22,1,0.9138262867927551,0.734012,0.0
TSLA,2022-05-23,2,0.9479434490203857,0.821162,0.0
TSLA,2022-05-24,3,0.9200635155042013,0.7722859999999999,0.03804203796693623
TSLA,2022-05-25,1,0.8788374662399292,0.865036,0.0
TSLA,2022-05-26,5,0.8637491941452027,0.7986744,0.07975815926991024
TSLA,2022-05-27,2,0.8574567437171936,0.6809065,0.0
TSLA,2022-05-31,2,0.918193519115448,0.910885,0.09783342573431333
TSLA,2022-06-01,4,0.882175087928772,0.680982,0.08409326531391434
TSLA,2022-06-02,3,0.8332887689272562,0.6224649999999999,0.33622452668021496
TSLA,2022-06-03,4,0.8996291160583496,0.83359975,-0.29990412065262734
TSLA,2022-06-06,1,0.9118297696113586,0.635261,1.0
TSLA,2022-06-08,4,0.7326367348432541,0.6205315,0.7537635075737492
TSLA,2022-06-09,3,0.7322166363398234,0.9100976666666667,0.2674778860730332
TSLA,2022-06-10,4,0.832608163356781,0.632046,0.008330485439350933
TSLA,2022-06-12,1,0.9073922634124756,0.678874,0.0
TSLA,2022-06-13,3,0.7556262016296387,0.7819056666666667,0.25797826421516323
TSLA,2022-06-14,3,0.75906370083491,0.6332693333333334,0.0
TSLA,2022-06-15,4,0.7856222838163376,0.6244095000000001,0.2462658719958617
TSLA,2022-06-16,4,0.6263248026371002,0.8359989999999999,0.0
TSLA,2022-06-17,4,0.8679057061672211,0.68586875,-0.1044700607805794
TSLA,2022-06-18,1,0.906835675239563,0.82673,0.0
TSLA,2022-06-19,1,0.9047731757164001,0.572226,0.0
TSLA,2022-06-20,2,0.9366115033626556,0.8235414999999999,-0.6071339452838747
TSLA,2022-06-21,12,0.8626644909381866,0.8451807499999999,-0.09662696411388927
TSLA,2022-06-22,3,0.9427346189816793,0.8616616666666667,-0.16054832039644332
TSLA,2022-06-23,3,0.9397719899813334,0.9077116666666667,-0.7344476127698406
TSLA,2022-06-24,5,0.8987744808197021,0.6591433999999999,-0.6186028715450993
TSLA,2022-06-25,1,0.545712947845459,0.635364,1.0
TSLA,2022-06-27,1,0.9357099533081055,0.706867,1.0
TSLA,2022-06-28,1,0.7069313526153564,0.633474,0.0
TSLA,2022-06-29,1,0.7059366703033447,0.641023,0.0
TSLA,2022-06-30,2,0.9046026170253754,0.6081315,0.0
